Aal;213,0;893,0;66,2;16,0;0,0;0,0;16,8;4,0;11,5;1,0;220,0;0,0
Aalbessen, rode bessen;51,0;213,0;82,9;1,1;7,9;6,0;0,1;0,0;0,0;0,0;0,0;7,9
Aardappel, zoet;96,0;402,0;74,1;1,3;21,0;3,0;0,1;0,0;0,0;0,0;0,0;2,5
Aardappel, zoet  gekook;85,0;356,0;76,0;1,3;19,1;5,5;0,2;0,1;0,0;0,0;0,0;2,4
Aardappelen, gebakken;126,0;529,0;73,0;2,0;16,0;1,0;5,5;2,5;0,8;1,6;0,0;2,5
Aardappelen, gekookt;82,0;346,0;77,4;2,0;17,0;0,0;0,1;0,0;0,0;0,0;0,0;2,5
Aardappelen, rauw;85,0;357,0;76,7;2,0;17,6;0,0;0,1;0,0;0,0;0,0;0,0;2,6
Aardappelkroketjes;223,0;936,0;55,8;3,2;27,0;1,0;11,0;3,0;6,5;1,0;1,5;2,0
Aardappelpuree;99,0;418,0;79,3;3,5;12,0;0,0;4,2;1,7;0,7;1,3;0,8;0,0
Aardappelschijfjes;141,0;591,0;68,5;2,0;20,5;1,0;5,0;2,4;1,2;0,6;0,6;3,0
Aardappelzetmeel;329,0;1378,0;17,9;0,1;81,0;5,0;0,0;0,0;0,0;0,0;0,0;0,0
Aardbei;36,0;154,0;89,3;0,8;6,5;5,4;0,4;0,0;0,0;0,0;0,0;2,0
Aardpeer;81,0;343,0;78,9;2,5;17,5;0,0;0,1;0,0;0,0;0,0;0,0;18,0
Abrikoos, blik;74,0;310,0;80,3;0,5;17,0;16,0;0,1;0,0;0,0;0,0;0,0;1,1
Abrikoos, vers;60,0;252,0;83,4;1,4;11,5;7,7;0,4;0,0;0,0;0,0;0,0;2,3
Abrikozen, gedroogd;274,0;1151,0;26,9;5,0;58,5;55,8;0,1;0,0;0,0;0,0;0,0;8,5
Achterham;129,0;542,0;72,6;18,2;1,7;0,0;5,5;2,1;0,1;2,8;38,0;0,0
Achterham, gegrild;116,0;488,0;75,1;19,2;0,6;0,0;4,1;1,6;1,8;0,3;38,0;0,0
Adukibonen, gekookt;131,0;548,0;65,9;7,2;24,8;0,0;0,1;0,0;0,0;0,0;0,0;0,0
Advocaat;240,0;1006,0;54,5;3,8;24,5;24,5;3,2;1,1;2,1;0,0;150,0;0,0
Agar-agar, poeder;365,0;1529,0;4,6;6,0;80,0;0,0;0,0;0,0;0,0;0,0;0,0;8,4
Ahornsiroop;365,0;1530,0;9,0;0,0;90,0;89,0;0,0;0,0;0,0;0,0;0,0;0,0
Alaska pollak;75,0;314,0;81,5;16,7;0,0;0,0;0,8;0,0;0,0;0,1;80,0;0,0
Alfalfa;43,0;181,0;87,9;4,1;3,9;0,0;0,7;0,0;0,0;0,0;0,0;2,4
Amandelbroodje;490,0;2054,0;9,6;7,6;50,7;28,5;28,1;11,8;8,6;3,2;30,0;3,0
Amandelen;609,0;2548,0;6,0;19,5;10,4;3,1;52,0;3,8;34,5;12,0;0,0;10,6
Amandelmeel;632,0;2644,0;1,0;21,5;15,5;4,5;51,5;4,2;0,0;0,0;0,0;10,5
Amandelmelk;53,0;222,0;88,9;3,0;3,5;2,8;2,8;0,1;2,0;0,5;0,0;0,8
Amandelolie;882,0;3693,0;0,2;0,0;0,0;0,0;99,8;8,5;61,5;26,5;0,0;0,0
Amandelspijs;458,0;1916,0;13,1;10,0;47,5;43,0;24,5;2,0;14,5;4,5;35,0;3,9
Amsoi;31,0;132,0;90,6;2,0;5,3;0,0;0,0;0,0;0,0;0,0;0,0;1,1
Ananas, vers;61,0;256,0;83,4;0,5;13,5;12,4;0,2;0,0;0,0;0,0;0,0;1,4
Ananassap;50,0;211,0;86,4;0,8;11,5;11,5;0,0;0,0;0,0;0,0;0,0;0,3
Andijvie, rauw;16,0;70,0;93,0;1,5;1,0;0,0;0,0;0,0;0,0;0,0;0,0;3,5
Anijszaad;425,0;1780,0;4,0;10,0;55,0;0,0;15,0;0,0;0,0;5,0;0,0;15,0
Ansjovis, vers;102,0;427,0;76,6;20,1;0,0;0,0;2,3;0,8;0,4;0,6;68,0;0,0
Appel;54,0;229,0;84,3;0,4;12,0;11,8;0,0;0,0;0,0;0,0;0,0;2,3
Appelflap;388,0;1627,0;26,5;5,5;40,0;23,5;22,0;13,5;5,5;1,5;50,0;5,0
Appelmoes;81,0;341,0;78,5;0,2;19,2;19,2;0,1;0,0;0,0;0,0;0,0;1,0
Appelsap;42,0;180,0;88,4;0,1;10,5;10,5;0,0;0,0;0,0;0,0;0,0;0,0
Appelstroop, rinse;274,0;1150,0;29,7;3,2;63,0;52,0;0,0;0,0;0,0;0,0;0,0;3,1
Appeltaart;248,0;1041,0;48,5;4,2;35,0;22,0;9,8;3,5;3,5;2,0;50,0;1,5
Appelwijn;10,0;42,0;96,5;0,0;2,5;2,5;0,0;0,0;0,0;0,0;0,0;0,0
Arachideolie;879,0;3682,0;0,5;0,0;0,0;0,0;99,5;16,0;53,0;30,0;1,2;0,0
Artisjok;52,0;218,0;85,5;2,4;9,5;9,4;0,1;0,0;0,0;0,0;0,0;1,5
Artisjok, harten;46,0;195,0;87,3;2,7;7,6;7,5;0,3;0,0;0,0;0,0;0,0;1,1
Asperges, blik;22,0;94,0;93,3;1,9;3,2;1,1;0,1;0,0;0,0;0,0;0,0;0,5
Asperges, vers;17,0;73,0;94,1;1,9;1,3;1,2;0,2;0,0;0,0;0,0;0,0;1,5
Aubergine;25,0;107,0;91,6;1,2;3,5;1,5;0,2;0,0;0,0;0,0;0,0;2,5
Augurken, zoetzuur;14,0;62,0;94,7;1,1;2,0;2,0;0,0;0,0;0,0;0,0;0,0;1,2
Avocado;188,0;790,0;70,4;2,6;1,5;1,4;18,1;3,8;11,3;2,0;0,0;6,4
Azijn;1,0;5,0;98,5;0,0;0,5;0,5;0,0;0,0;0,0;0,0;0,0;0,0
Baars;82,0;344,0;79,7;18,5;0,0;0,0;0,8;0,1;0,2;0,4;72,0;0,0
Bacon;373,0;1564,0;47,0;18,0;0,0;0,0;34,0;13,7;13,5;5,0;71,0;0,0
Bagel;313,0;1313,0;26,4;10,0;55,0;6,0;5,1;0,0;0,0;0,0;0,0;2,5
Bak- en braadlap;110,0;461,0;74,3;22,6;0,0;0,0;2,1;0,8;0,7;0,1;60,0;0,0
Bakbanaan;137,0;575,0;64,4;1,0;31,5;24,0;0,2;0,0;0,0;0,0;0,0;1,9
Baklava;464,0;1946,0;13,4;4,0;55,6;28,0;25,0;9,5;8,0;5,7;80,0;1,0
Balsamico-azijn;77,0;326,0;79,8;0,2;19,0;19,0;0,0;0,0;0,0;0,0;0,0;0,0
Bamboescheuten;28,0;119,0;91,6;2,5;3,5;0,0;0,2;0,1;0,0;0,0;0,0;1,2
Bami goreng;142,0;595,0;68,8;6,5;17,7;2,6;4,7;1,0;1,1;1,0;28,0;1,3
Bamibal;301,0;1263,0;43,0;7,5;32,5;1,5;16,0;8,5;5,5;1,0;20,0;0,0
Banaan;86,0;363,0;76,8;1,2;18,8;18,2;0,2;0,0;0,0;0,1;0,0;2,0
Basilicum, gedroogd;308,0;1293,0;18,1;14,4;44,5;0,0;4,0;0,0;2,0;2,0;0,0;18,0
Basilicum, vers;47,0;197,0;86,2;3,0;5,0;4,6;0,8;0,1;0,1;0,5;0,0;4,0
Basmatirijst, rauw;354,0;1486,0;11,6;7,0;78,5;0,2;0,6;0,1;0,1;0,2;0,0;1,3
Basterdsuiker;387,0;1623,0;3,5;0,0;95,5;95,5;0,0;0,0;0,0;0,0;0,0;0,0
Beenham, gekookt;162,0;679,0;70,3;17,7;1,4;1,3;9,6;3,7;3,1;4,9;38,0;0,0
Berenburg;187,0;783,0;73,0;0,0;0,0;0,0;0,0;0,0;0,0;0,0;0,0;0,0
Berliner;322,0;1351,0;54,2;13,3;1,7;0,0;29,6;11,2;12,8;2,5;175,0;0,2
Berlinerbol;301,0;1262,0;36,0;6,0;46,0;20,0;10,0;3,5;2,5;2,1;60,0;1,0
Beschuit;392,0;1644,0;6,9;12,3;70,8;9,1;5,5;2,6;1,7;1,2;32,0;3,5
Beschuit, volkoren;389,0;1630,0;6,9;16,0;62,0;4,0;6,6;2,3;2,0;1,5;60,0;7,5
Bessenjenever;182,0;762,0;66,5;0,0;17,5;17,5;0,0;0,0;0,0;0,0;0,0;0,0
Bessensap;38,0;160,0;88,6;0,0;9,4;9,0;0,0;0,0;0,0;0,0;0,0;0,0
Biefstuk;127,0;534,0;71,7;23,8;0,0;0,0;3,5;0,7;0,0;0,7;55,5;0,0
Biefstuk van de haas;116,0;488,0;73,0;23,7;0,0;0,0;2,3;1,0;0,9;0,2;55,5;0,0
Bier, alcoholvrij;15,0;64,0;95,2;0,3;3,5;0,1;0,0;0,0;0,0;0,0;0,0;0,0
Bier, pilsener 5 % v/v;42,0;175,0;93,0;0,5;3,0;0,3;0,0;0,0;0,0;0,0;0,0;0,0
Bier, wit 5 % v/v;45,0;189,0;89,7;0,5;3,8;3,8;0,0;0,0;0,0;0,0;0,0;0,0
Bier, zwaar 7 % v/v;52,0;220,0;88,0;0,7;3,8;3,8;0,0;0,0;0,0;0,0;0,0;0,0
Bieslook, vers;58,0;246,0;84,4;3,6;8,5;0,0;0,7;0,0;0,0;0,6;0,0;1,8
Biest;78,0;326,0;85,8;4,2;4,0;4,0;5,0;3,0;1,3;0,2;12,0;0,0
Bietensap, rood;38,0;158,0;88,7;1,1;8,2;8,0;0,0;0,0;0,0;0,0;0,0;0,0
Biscuit, hartig, gemiddeld;521,0;2182,0;0,0;8,0;65,0;10,5;25,0;10,5;7,5;2,4;0,0;2,0
Bitterbal, bereid;311,0;1306,0;44,5;10,5;25,0;2,5;19,0;10,5;7,0;1,5;30,0;0,0
Bitterbal, vegetarisch;204,0;855,0;58,3;20,8;9,7;0,4;8,8;3,5;1,3;4,0;0,0;1,4
Bladerdeeg;380,0;1591,0;31,8;5,5;37,5;4,2;23,0;10,2;6,9;1,9;0,0;1,2
Blinde vink;161,0;678,0;68,4;22,7;0,0;0,0;7,9;3,3;2,8;0,3;30,0;0,0
Bloedworst;374,0;1567,0;46,8;15,2;3,0;0,0;34,0;12,1;14,5;3,8;105,0;0,0
Bloemkool, bereid;20,0;86,0;92,8;1,9;2,2;2,0;0,0;0,0;0,0;0,0;0,0;2,1
Bloemkool, vers;24,0;102,0;91,8;2,0;3,0;2,5;0,0;0,0;0,0;0,0;0,0;2,2
Boekweit;358,0;1503,0;10,6;10,4;72,6;2,2;1,7;0,4;0,6;0,6;0,0;3,7
Boekweitmeel;362,0;1516,0;10,0;10,8;69,9;2,0;2,7;0,5;0,9;0,8;0,0;5,6
Boerenbrood;307,0;1287,0;25,3;11,3;56,3;0,7;3,1;1,2;1,0;0,7;23,0;3,0
Boerenkool, bereid;38,0;159,0;88,3;2,9;4,8;0,6;0,8;0,1;0,1;0,4;0,0;2,2
Boerenkool, vers;51,0;215,0;86,3;4,3;5,5;0,0;0,9;0,2;0,0;0,4;0,0;2,0
Boerenkoolstamppot;155,0;649,0;72,3;5,3;11,6;0,8;9,8;3,4;3,7;0,6;20,0;0,0
Bokking, gebakken;234,0;983,0;60,0;23,0;0,0;0,0;16,0;3,5;8,6;2,5;80,0;0,0
Bokking, gerookt;270,0;1130,0;55,3;22,5;0,0;0,0;20,2;5,5;11,5;4,5;75,0;0,0
Bokking, gestoomd;227,0;954,0;61,9;20,9;0,0;0,0;16,2;3,8;8,0;3,2;82,0;0,0
Bonbon, gemiddeld;461,0;1931,0;5,5;3,5;70,0;68,0;18,0;12,0;3,0;1,0;10,0;2,0
Borrelnootjes;540,0;2262,0;0,8;15,0;46,0;4,5;32,0;7,0;14,0;12,0;0,0;5,2
Borstplaat, room;349,0;1460,0;15,3;0,7;80,0;78,5;2,9;1,5;0,0;0,0;0,0;0,1
Bosbessen, blauwe bosbes;75,0;316,0;77,1;0,6;14,5;14,0;0,2;0,0;0,0;0,0;0,0;6,6
Bossche bol;292,0;1226,0;40,2;5,3;38,1;24,0;12,6;7,9;3,5;0,8;110,0;2,8
Bot, bereid;102,0;431,0;76,0;21,0;0,0;0,0;2,0;0,6;0,7;0,4;90,0;0,0
Boter, halfvol;343,0;1437,0;58,0;2,8;1,2;1,1;37,0;22,5;11,0;1,5;100,0;0,0
Boter, ongezouten;735,0;3076,0;14,1;0,7;0,7;0,7;82,5;54,0;23,5;3,5;240,0;0,0
Boterhamworst;308,0;1291,0;56,0;12,1;2,9;0,1;28,0;9,9;12,5;2,3;60,0;0,0
Boterkoek;516,0;2162,0;8,0;4,5;55,0;32,0;31,0;10,0;10,5;6,5;70,0;0,5
Botervis;287,0;1202,0;56,5;18,5;0,0;0,0;24,0;1,0;20,0;2,5;85,0;0,0
Bouillon, bereid;6,0;28,0;97,9;0,5;0,1;0,0;0,5;0,3;0,2;0,0;0,1;0,0
Bouillonpoeder, blokjes;237,0;996,0;54,0;16,0;16,0;0,0;12,0;6,5;2,0;0,4;3,2;1,0
Bouillonpoeder, kruid;180,0;756,0;59,7;18,0;15,0;0,0;5,0;2,2;2,0;0,4;0,0;1,3
Boursin kaas;410,0;1718,0;46,8;8,4;1,5;1,0;41,8;25,4;12,6;1,8;105,0;0,5
Braadworst;313,0;1312,0;50,6;22,4;1,5;0,0;24,5;8,1;10,0;3,0;40,0;0,0
Bramen;58,0;243,0;83,1;1,2;8,5;6,8;1,0;0,1;0,1;0,6;0,0;5,2
Brandewijn;218,0;913,0;68,5;0,0;0,0;0,0;0,0;0,0;0,0;0,0;0,0;0,0
Brasem;115,0;484,0;77,0;16,5;0,0;0,0;5,5;1,6;1,6;1,2;110,0;0,0
Brie;338,0;1418,0;48,5;22,5;0,0;0,0;28,0;18,0;8,0;1,0;100,0;0,0
Brinta naturel;347,0;1453,0;10,4;11,0;65,0;4,0;2,1;0,5;0,2;0,6;0,0;10,5
Broccoli;29,0;125,0;90,0;3,3;2,0;1,5;0,2;0,0;0,0;0,0;0,0;3,5
Broccoli, bereid;29,0;124,0;89,6;3,2;2,0;2,0;0,1;0,0;0,0;0,0;0,0;4,1
Bronwater;0,0;0,0;100,0;0,0;0,0;0,0;0,0;0,0;0,0;0,0;0,0;0,0
Brood, bruin;256,0;1076,0;37,0;7,0;45,6;2,9;3,7;1,3;1,4;0,9;1,5;5,7
Brood, geroosterd;370,0;1553,0;11,0;13,5;68,0;14,5;4,0;1,0;0,9;1,5;0,0;2,5
Brood, meergranen;262,0;1099,0;35,2;9,5;45,0;2,0;3,4;1,2;1,2;1,0;1,0;5,9
Brood, rogge, donker;198,0;833,0;47,0;5,5;36,0;12,5;1,5;0,2;0,5;0,6;1,0;9,0
Brood, rogge, gem.;242,0;1016,0;39,8;6,2;44,5;4,0;3,0;1,0;0,8;1,1;1,0;5,5
Brood, rozijnen;273,0;1144,0;35,4;6,8;49,0;10,6;4,6;2,1;1,6;0,4;28,0;3,2
Brood, tarwe;266,0;1117,0;34,3;8,2;48,8;2,4;3,0;1,2;0,9;0,9;1,5;4,7
Brood, tarwe/rogge;220,0;922,0;43,7;6,7;41,5;2,0;1,6;0,3;0,4;0,8;0,0;5,5
Brood, volkoren;246,0;1033,0;37,6;8,4;43,5;1,5;2,6;0,5;0,5;1,2;0,5;6,9
Brood, wit, melk;255,0;1070,0;38,8;9,2;45,0;4,5;3,5;1,8;1,0;0,5;3,5;2,5
Brood, wit, water;236,0;991,0;41,7;8,3;44,5;3,0;2,0;0,5;0,4;0,8;0,0;2,5
Brood, zuurdesem;206,0;864,0;46,4;7,5;35,4;0,0;2,0;0,3;0,3;1,0;0,5;7,7
Broodje, kadetje gem.;282,0;1183,0;33,2;8,5;50,0;0,0;4,5;2,0;1,0;1,0;8,0;2,8
Brownie;484,0;2028,0;9,5;5,2;57,5;45,2;25,8;9,0;5,0;6,5;65,0;1,0
Bruine bonen, gekookt;110,0;462,0;63,7;7,6;18,1;0,0;0,7;0,1;0,1;0,4;0,0;8,9
Buikspek, varken;531,0;2222,0;35,0;9,0;0,0;0,0;55,0;20,0;6,5;25,5;70,0;0,0
Bulgur;375,0;1574,0;6,5;9,5;80,0;2,2;1,0;0,1;0,1;0,4;0,0;2,0
Cacaopoeder;411,0;1720,0;9,9;19,8;10,8;2,2;24,5;13,5;8,9;1,2;0,0;34,0
Cake;444,0;1859,0;18,5;7,5;47,0;25,0;25,0;8,0;0,0;0,0;90,0;1,0
Cake, roomboter;443,0;1857,0;17,8;6,5;50,0;29,8;24,1;10,0;9,8;3,9;170,0;0,6
Camembert 30+;215,0;899,0;61,0;23,5;0,0;0,0;13,5;8,5;2,9;0,2;38,0;0,0
Camembert 45+;282,0;1182,0;54,7;21,0;0,0;0,0;22,3;13,5;4,8;0,4;90,0;0,0
Campari, bitter 25 % v/v;203,0;855,0;63,0;0,0;20,0;20,0;0,0;0,0;0,0;0,0;0,0;0,0
Cantharellen, vers;19,0;81,0;92,4;2,1;1,1;0,0;0,0;0,0;0,0;0,0;0,0;3,4
Caramelpudding;147,0;617,0;67,0;3,5;23,0;21,1;4,5;3,1;0,0;0,0;101,0;0,0
Cashewnoten, gebrand, gezout;614,0;2569,0;1,9;15,6;32,0;5,0;46,5;9,0;27,1;7,9;0,0;3,0
Cashewnoten, gebrand, ongezo;608,0;2544,0;1,2;15,5;32,8;5,0;46,5;9,0;27,0;8,0;0,0;3,0
Cashewnoten, vers, ongezouten;591,0;2473,0;8,0;18,5;22,5;5,6;46,5;9,5;28,0;7,5;0,0;3,5
Cassave;141,0;591,0;62,9;1,0;32,0;0,0;0,2;0,0;0,0;0,0;0,0;2,9
Cassavemeel;350,0;1468,0;11,9;2,8;82,0;3,5;0,3;0,0;0,0;0,0;0,0;2,0
Casselerrib;142,0;598,0;71,2;20,5;1,0;1,0;6,3;2,5;2,1;0,8;38,0;0,0
Cayennepeper;371,0;1555,0;13,5;11,5;30,5;0,0;17,0;4,5;3,5;9,0;0,0;26,5
Cervelaatworst;382,0;1603,0;45,5;18,3;0,5;0,0;34,7;13,8;15,2;2,9;32,0;0,0
Champagne;76,0;318,0;97,0;0,3;1,3;1,3;0,0;0,0;0,0;0,0;0,0;0,0
Champignons, blik/glas;31,0;132,0;89,7;2,3;2,5;2,2;0,5;0,1;0,0;0,0;0,0;4,0
Champignons, gebakken;61,0;256,0;86,4;3,5;0,9;0,6;4,0;1,5;0,0;0,0;8,0;4,2
Champignons, vers;16,0;71,0;93,5;2,7;0,3;0,2;0,0;0,0;0,0;0,0;0,0;2,5
Cheddar kaas 50+;389,0;1631,0;40,9;25,4;0,5;0,5;32,2;22,5;8,5;0,5;100,0;0,0
Cheese puffs;565,0;2367,0;1,5;6,4;55,0;0,0;35,7;0,0;0,0;0,0;5,0;0,4
Cheeseburger;283,0;1189,0;44,8;14,0;26,5;0,0;13,5;0,0;0,0;0,0;40,0;0,2
Cheesecake;308,0;1292,0;45,3;5,4;28,6;0,0;19,2;0,0;0,0;0,0;0,0;0,5
Chiabatta;238,0;997,0;40,0;8,5;45,0;2,5;1,5;0,3;0,2;0,8;0,0;4,0
Chiazaad, gedroogd;472,0;1975,0;2,1;19,8;12,0;0,0;30,7;3,3;2,3;23,5;0,0;34,4
Chilipeper, gedroogd;366,0;1533,0;16,5;12,5;33,0;0,0;16,0;2,5;3,5;8,5;0,0;21,0
Chilipeper, pimento, vers;31,0;132,0;91,2;0,9;5,8;0,0;0,5;0,0;0,0;0,0;0,0;0,6
Chilipoeder;380,0;1595,0;12,5;12,0;32,0;0,0;17,5;4,5;0,0;0,0;0,0;25,0
Chinese kool, bereid;19,0;81,0;92,7;1,0;2,5;0,0;0,0;0,0;0,0;0,0;0,0;2,8
Chinese kool, vers;20,0;84,0;92,9;1,2;1,8;0,0;0,3;0,0;0,0;0,0;0,0;2,8
Chinese okra, vers;45,0;192,0;86,2;2,2;7,2;0,0;0,2;0,1;0,0;0,1;0,0;3,2
Chipolatapudding;228,0;958,0;57,3;5,2;24,0;21,9;12,5;6,5;0,0;0,0;70,0;0,0
Chips, gem. naturel, paprika e.d;554,0;2318,0;1,0;5,5;52,8;2,6;34,5;7,7;18,4;5,4;0,0;5,2
Chips, light gem.;479,0;2007,0;3,7;6,5;61,0;2,5;22,0;4,0;12,3;4,7;2,0;5,8
Chocolade met noten;577,0;2417,0;2,0;9,5;44,0;44,0;40,0;20,0;0,0;0,0;7,5;3,5
Chocolade, melk (32 % cacao);541,0;2266,0;2,1;9,2;55,0;55,0;31,5;19,0;0,0;0,0;0,0;1,2
Chocolade, puur (54 % cacao);513,0;2152,0;10,6;5,3;49,0;49,0;33,0;20,2;0,0;0,0;0,0;1,1
Chocolade, puur extra (70-85%);584,0;2443,0;13,0;7,8;35,2;24,0;43,2;24,6;13,0;1,4;3,0;11,5
Chocolade, wit;560,0;2347,0;0,1;7,6;58,0;57,0;33,3;20,5;12,0;0,8;24,0;0,0
Chocoladehagelslag (melk);458,0;1920,0;3,0;6,5;70,0;68,0;16,0;9,5;4,7;0,4;0,0;3,5
Chocoladehagelslag (puur);457,0;1914,0;1,5;4,5;70,0;68,0;16,0;9,5;4,8;1,0;0,0;7,0
Chocolademelk, halfvolle;79,0;328,0;82,0;3,2;12,9;12,9;1,6;0,8;0,5;0,1;14,0;0,0
Chocolademelk, magere;68,0;285,0;82,9;3,5;12,0;12,0;0,6;0,0;0,3;0,0;2,0;0,0
Chocolademelk, volle;100,0;421,0;78,7;3,6;12,9;12,9;3,8;1,8;0,8;0,1;6,0;0,0
Chocolademousse;206,0;862,0;62,5;4,5;20,0;14,0;12,0;6,8;3,8;0,6;100,0;0,0
Chocolademousse, light;119,0;498,0;75,5;4,0;14,5;0,4;5,0;2,7;1,5;0,3;2,0;0,0
Chocoladepasta, hazelnoot;567,0;2371,0;0,0;4,5;55,0;52,0;36,0;9,5;11,5;10,0;0,0;4,0
Chocoladepasta, melk;563,0;2361,0;0,2;4,0;57,8;52,6;35,0;11,5;20,0;2,5;0,0;2,0
Chocoladepasta, puur;570,0;2385,0;0,4;4,5;52,6;50,0;37,0;12,0;20,5;2,5;0,0;4,5
Chocoladevla;105,0;441,0;76,3;3,2;16,0;12,0;3,0;2,0;1,0;0,0;10,0;0,5
Chocoladevlokken, melk;447,0;1870,0;2,3;6,1;70,0;65,0;15,8;9,0;6,0;0,0;0,0;4,8
Chorizoworst;360,0;1511,0;45,4;23,0;0,6;0,0;30,0;14,5;3,5;6,0;0,0;0,0
Cider;10,0;42,0;96,5;0,0;2,5;2,5;0,0;0,0;0,0;0,0;0,0;0,0
Citroen;36,0;151,0;89,4;0,5;6,5;3,0;0,4;0,0;0,0;0,0;0,0;2,2
Citroensap, vers;32,0;136,0;91,0;0,0;8,0;2,5;0,0;0,0;0,0;0,0;0,0;0,0
Cognac, 40 % v/v;220,0;924,0;66,0;0,0;1,0;1,0;0,0;0,0;0,0;0,0;0,0;0,0
Cola;44,0;187,0;88,0;0,0;11,0;11,0;0,0;0,0;0,0;0,0;0,0;0,0
Cola light;1,0;5,0;98,7;0,0;0,3;0,0;0,0;0,0;0,0;0,0;0,0;0,0
Cordon bleu, vegetarisch;249,0;1045,0;52,5;17,5;9,0;1,5;15,0;1,5;3,0;10,5;0,0;5,0
Corned beef;225,0;943,0;64,7;12,8;3,5;0,3;18,0;8,0;7,0;1,0;93,0;0,0
Cornflakes;376,0;1577,0;5,3;7,9;81,5;7,5;0,8;0,0;0,0;0,7;0,0;3,5
Cottage cheese;100,0;422,0;79,1;12,8;2,9;2,9;4,2;2,9;1,1;0,1;20,0;0,0
Courgette, vers;27,0;115,0;91,6;1,8;4,5;4,5;0,0;0,0;0,0;0,0;0,0;1,1
Couscous, bereid;183,0;766,0;60,0;7,5;23,5;1,2;6,5;3,1;2,5;0,6;10,0;1,5
Couscous, onbereid;368,0;1543,0;7,0;12,5;74,0;1,0;1,0;0,0;0,5;0,0;0,0;4,5
Cracker, gemiddeld;276,0;1158,0;39,0;4,5;43,5;9,5;8,5;1,5;3,5;3,5;10,0;3,5
Cracker, light;358,0;1500,0;5,5;12,0;63,5;2,5;2,5;0,5;0,4;1,0;0,0;15,5
Cracker, volkoren;445,0;1864,0;1,0;11,5;65,0;0,5;13,5;6,0;4,5;2,0;1,0;8,0
Cranberries, gedroogd, gezoet;353,0;1481,0;9,1;1,2;83,5;75,0;0,0;0,0;0,0;0,0;0,0;5,2
Cranberries, vers;24,0;104,0;91,0;0,5;4,0;3,5;0,0;0,0;0,0;0,0;0,0;3,5
Cranberrysap, ongezoet (fles);62,0;263,0;84,5;0,0;15,5;15,0;0,0;0,0;0,0;0,0;0,0;0,0
Cream cheese;354,0;1484,0;53,3;7,5;2,8;0,0;35,4;22,1;7,0;1,5;110,0;0,0
Crème fraiche;336,0;1408,0;58,5;2,5;2,0;0,5;36,0;21,0;8,0;1,0;100,0;0,0
Crème fraiche, halfvol;162,0;680,0;76,6;3,0;4,4;4,4;15,0;8,5;3,5;0,5;50,0;0,0
Croissant;478,0;2003,0;10,9;9,2;50,3;2,7;26,3;18,0;6,3;0,8;73,0;2,3
Currysaus;131,0;551,0;66,9;1,8;30,0;30,0;0,3;0,1;0,1;0,0;1,0;0,0
Custard met melk;117,0;491,0;75,5;3,7;15,2;10,5;4,6;0,0;0,0;0,0;16,0;0,0
Custardpoeder;345,0;1448,0;13,9;0,0;85,0;5,0;0,1;0,0;0,0;0,0;0,0;0,0
Dadel, geconfijt;286,0;1199,0;24,2;1,8;65,0;63,5;0,0;0,0;0,0;0,0;0,0;8,0
Dadels, vers;152,0;638,0;58,8;2,2;33,0;29,0;0,0;0,0;0,0;0,0;0,0;5,0
Dagoeblad;35,0;150,0;89,5;3,5;4,8;0,0;0,0;0,0;0,0;0,0;0,0;1,2
Danish blue;377,0;1581,0;46,0;19,0;0,0;0,0;34,0;21,5;9,0;1,2;90,0;0,0
Dieetolie;883,0;3700,0;0,0;0,0;0,0;0,0;100,0;12,0;21,0;66,0;0,0;0,0
Donut, gevuld gem.;372,0;1560,0;35,5;7,0;31,0;10,0;24,5;7,0;8,0;7,5;25,0;1,0
Donut, ongevuld gem.;440,0;1845,0;18,5;4,5;50,0;15,0;24,5;6,5;8,5;7,5;40,0;1,5
Donut, ongevuld gesuikerd gem;416,0;1744,0;21,5;5,5;48,5;18,0;22,0;6,5;7,1;6,5;30,0;1,5
Doperwten, bereid;86,0;363,0;75,0;5,0;14,0;1,0;0,0;0,0;0,0;0,0;0,0;5,0
Doperwten, blik;88,0;372,0;75,5;6,5;10,8;1,5;1,0;0,5;0,0;0,0;0,0;5,2
Doperwten, vers;64,0;269,0;80,4;4,5;8,9;1,8;0,0;0,0;0,0;0,0;0,0;5,2
Dressing, gemiddeld;372,0;1559,0;51,2;0,7;9,6;6,1;37,4;3,6;14,0;19,0;2,0;0,1
Dressing, zonder olie;49,0;207,0;86,7;0,1;12,0;10,5;0,0;0,0;0,0;0,0;0,0;0,2
Drop, dubbelzout;332,0;1394,0;17,0;10,0;72,0;35,0;0,0;0,0;0,0;0,0;0,0;0,0
Drop, Engelse;383,0;1602,0;8,6;3,1;81,0;64,0;5,2;4,0;0,7;0,3;0,0;1,1
Drop, zoete;349,0;1462,0;13,0;11,0;75,0;74,0;0,0;0,0;0,0;0,0;0,0;0,0
Drop, zoute;341,0;1428,0;15,0;10,0;74,0;73,0;0,0;0,0;0,0;0,0;0,0;0,0
Druiven, blauw;53,0;224,0;85,2;0,9;11,5;11,0;0,1;0,0;0,0;0,0;0,0;1,3
Druiven, wit;57,0;242,0;84,5;0,5;13,5;13,3;0,0;0,0;0,0;0,0;0,0;0,5
Druivenpitolie;879,0;3681,0;0,0;0,0;0,0;0,0;99,5;11,7;16,7;67,4;0,0;0,0
Druivensap;69,0;290,0;81,9;0,2;16,9;16,5;0,0;0,0;0,0;0,0;0,0;0,0
Duif;287,0;1202,0;56,5;18,5;0,0;0,0;24,0;8,5;10,0;3,5;100,0;0,0
Edammer, kaas 30+;250,0;1048,0;52,4;26,4;0,0;0,0;16,2;10,7;4,5;0,5;45,0;0,0
Edammer, kaas 40+;313,0;1310,0;45,5;26,1;0,0;0,0;23,4;15,5;6,0;0,7;71,0;0,0
Eekhoorntjesbrood;20,0;84,0;93,4;2,5;0,0;0,0;0,6;0,0;0,0;0,0;0,0;2,5
Eend, rauw (gemiddeld);333,0;1395,0;52,9;18,1;0,0;0,0;29,0;8,0;14,7;4,3;80,0;0,0
Ei, eidooier;348,0;1455,0;50,8;16,2;0,0;0,0;32,0;8,0;12,2;5,5;1350,0;0,0
Ei, eiwit;49,0;208,0;87,0;11,1;0,7;0,0;0,2;0,0;0,0;0,0;0,0;0,0
Ei, heelei rauw;144,0;602,0;75,4;12,5;1,1;0,2;10,0;2,5;3,0;1,8;350,0;0,0
Ei, heelei, gebakken;235,0;986,0;64,5;13,5;1,0;0,0;20,0;7,5;6,2;3,9;300,0;0,0
Ei, heelei, gekookt;158,0;663,0;73,4;12,9;1,5;0,1;11,2;3,5;5,0;1,5;320,0;0,0
Ei, omelet;144,0;607,0;76,3;9,4;2,2;0,0;11,1;4,4;3,2;1,1;380,0;0,0
Eierkoek;327,0;1370,0;22,0;7,5;65,0;28,0;3,5;1,0;1,0;1,0;150,0;1,0
Eiersalade;239,0;1003,0;63,0;8,0;7,0;6,9;20,0;2,5;9,5;6,0;150,0;1,0
Eipoeder;570,0;2387,0;8,0;46,0;3,0;3,0;42,0;10,5;16,0;7,5;1640,0;0,0
Emmenthaler, kaas 45+;379,0;1587,0;37,6;28,7;0,0;0,0;29,7;19,2;0,0;0,0;92,0;0,0
Energiedrank, gemiddeld;81,0;340,0;79,0;0,0;20,0;3,2;0,0;0,0;0,0;0,0;0,0;0,0
Energiereep, gem.;419,0;1755,0;7,8;4,9;72,0;39,0;11,5;4,0;4,6;2,6;0,0;2,8
Entrecôte, kalf;180,0;757,0;66,8;21,5;0,2;0,0;10,5;4,9;4,0;0,4;70,0;0,0
Entrecôte, kalf bereid;199,0;837,0;61,5;26,5;1,0;0,0;10,0;3,8;3,5;0,7;75,0;0,0
Entrecôte, rund;146,0;613,0;70,0;22,8;0,2;0,0;6,0;2,9;2,6;0,2;62,0;0,0
Entrecôte, runder bereid;199,0;836,0;61,8;26,0;1,0;0,0;10,2;4,0;3,7;0,9;80,0;0,0
Erwten, gedroogd, groene, split;326,0;1366,0;9,9;22,5;45,0;4,5;1,6;0,0;0,0;1,2;0,0;20,0
Erwten, groen, gekookt;106,0;445,0;71,1;6,6;16,5;0,0;0,5;0,0;0,0;0,0;0,0;4,3
Escargots;80,0;336,0;80,4;16,0;1,6;0,0;1,0;0,0;0,0;0,0;0,0;0,0
Falafel;275,0;1152,0;40,9;9,1;27,0;0,0;12,5;3,6;6,1;2,7;0,0;9,5
Fazant;229,0;962,0;56,5;30,5;0,0;0,0;12,0;4,5;4,5;1,5;85,0;0,0
Fètakaas, geitenkaas;252,0;1057,0;62,1;14,2;1,2;0,0;21,5;15,0;0,0;0,8;15,0;0,0
Fijngehakt, vegetarisch;233,0;977,0;50,6;28,0;10,2;1,2;8,5;0,9;2,5;5,1;0,0;1,7
Filet Américain;146,0;613,0;71,6;18,2;1,8;0,0;7,4;1,8;2,0;3,0;46,3;0,0
Filetlap, varken;144,0;604,0;70,4;22,7;0,0;0,0;5,9;2,3;1,0;2,1;66,0;0,0
Filodeeg;299,0;1250,0;32,0;7,5;53,0;0,0;6,0;0,0;0,0;0,0;0,0;0,0
Forel, bereid;132,0;553,0;72,1;22,1;0,0;0,0;4,8;1,2;1,6;1,7;66,0;0,0
Forel, onbereid;126,0;526,0;76,0;18,4;0,0;0,0;5,8;0,9;1,0;3,3;56,0;0,0
Framboos;48,0;201,0;85,6;1,2;7,5;5,2;0,5;0,1;0,1;0,3;0,0;4,2
Frankfurterworst;305,0;1280,0;57,8;11,5;0,7;0,1;29,0;10,7;12,4;3,4;50,0;0,0
Fricandeau, kalf;104,0;439,0;74,7;23,0;0,0;0,0;1,3;0,5;0,4;0,1;45,0;0,0
Fricandeau, varken;124,0;522,0;72,4;23,0;0,1;0,0;3,5;1,3;1,3;0,3;50,0;0,0
Fricandeau, varken bereid;152,0;637,0;64,9;31,2;0,0;0,0;2,9;1,0;1,1;0,5;40,6;0,0
Fricandeau, varken gebraden;128,0;538,0;71,8;21,0;2,4;2,4;3,8;1,8;1,4;0,4;40,0;0,0
Fricandel, gefrituurd;315,0;1321,0;49,5;16,0;9,5;0,0;24,0;10,0;2,0;11,0;60,0;0,0
Frisdrank, algemeen;42,0;178,0;88,5;0,0;10,5;10,5;0,0;0,0;0,0;0,0;0,0;0,0
Frisdrank, light;0,0;0,0;99,0;0,0;0,0;0,0;0,0;0,0;0,0;0,0;0,0;0,0
Frites, bereid, ongezouten;287,0;1205,0;43,3;4,2;33,5;0,0;14,5;5,5;0,0;0,0;1,0;3,5
Frites, oven;307,0;1288,0;34,0;5,5;46,0;0,0;10,5;4,0;0,0;0,0;1,0;3,0
Frites, sticks;515,0;2160,0;5,0;6,5;48,5;0,0;31,5;6,0;0,0;0,0;0,0;7,5
Frites, voorgebakken;142,0;594,0;66,1;3,0;23,5;1,5;4,0;2,0;1,0;0,4;0,0;3,0
Fritessaus, 25 % olie;282,0;1183,0;60,0;1,0;12,0;1,2;26,0;3,5;0,0;0,0;20,0;0,0
Fritessaus, 35 % olie;370,0;1553,0;50,0;1,0;12,0;1,2;36,0;4,5;0,0;0,0;25,0;0,0
Frituurvet, plantaardig;884,0;3700,0;0,0;0,0;0,0;0,0;100,0;14,0;29,9;56,2;0,0;0,0
Frituurvet, vast;884,0;3700,0;0,0;0,0;0,0;0,0;100,0;40,0;52,0;8,0;0,0;0,0
Fromage frais 50+;265,0;1108,0;60,5;13,5;0,5;0,0;23,5;0,0;0,0;0,0;77,0;0,0
Fromage frais 60+;326,0;1366,0;54,7;11,3;0,5;0,0;31,5;0,0;0,0;0,0;98,0;0,0
Gamba;97,0;407,0;75,8;20,5;0,2;0,0;1,5;0,0;0,0;0,0;0,0;0,0
Gans;340,0;1422,0;50,8;15,7;0,5;0,0;31,0;12,7;12,0;4,5;75,0;0,0
Gans, bereid;278,0;1168,0;51,2;30,0;0,0;0,0;17,8;7,4;7,0;2,6;75,0;0,0
Garnaal, Hollandse;90,0;380,0;79,0;18,0;0,0;0,0;2,0;0,5;0,4;0,7;240,0;0,0
Garnaal, Noordzee, onbereid;91,0;384,0;78,6;18,5;0,0;0,0;1,9;0,5;0,4;0,7;235,0;0,0
Gebraden gehakt;302,0;1265,0;56,1;14,5;1,6;0,0;26,8;10,6;13,5;2,0;45,3;0,0
Gecondenseerde melk;131,0;550,0;74,5;6,5;9,5;0,0;7,5;5,0;0,0;0,0;25,0;0,0
Gehakt, gevogelte;136,0;568,0;70,0;20,2;0,0;0,0;6,1;1,8;2,7;1,6;100,0;0,0
Gehakt, half om half;252,0;1059,0;60,9;17,5;0,0;0,0;20,6;8,2;10,5;1,0;62,9;0,0
Gehakt, kalf;148,0;620,0;72,0;19,0;0,0;0,0;8,0;4,3;2,6;1,1;70,0;0,0
Gehakt, lam;192,0;805,0;66,8;19,3;0,0;0,0;12,9;5,8;4,6;0,5;77,0;0,0
Gehakt, rund;209,0;878,0;64,5;19,1;0,8;0,0;14,6;7,4;6,5;0,5;67,8;0,0
Gehakt, varken;208,0;872,0;65,2;18,8;2,0;2,0;14,0;5,5;7,3;1,0;63,8;0,0
Gehaktbal, bereid;372,0;1560,0;42,5;15,0;11,5;0,0;30,0;10,0;14,0;6,0;80,0;0,0
Geitenkaas, halfzacht;264,0;1105,0;58,3;14,2;4,0;0,0;21,5;11,5;4,9;0,7;90,0;0,0
Geitenkaas, hard;400,0;1674,0;40,8;24,5;0,2;0,2;33,5;22,3;6,6;1,3;99,0;0,0
Geitenkaas, zacht;205,0;862,0;68,6;12,0;1,1;1,1;17,3;11,1;4,6;0,6;50,0;0,0
Geitenmelk;64,0;269,0;88,0;3,8;4,5;4,5;3,8;2,5;1,0;0,2;11,0;0,0
Geitenvlees;150,0;631,0;71,4;19,5;0,0;0,0;8,1;2,2;3,2;0,7;60,0;0,0
Gekookte worst;320,0;1343,0;54,2;13,2;2,5;0,0;29,1;10,2;16,1;2,5;57,6;0,0
Gelatine;366,0;1533,0;8,9;90,0;0,0;0,0;0,1;0,0;0,0;0,0;0,0;0,0
Gelatinepudding;60,0;251,0;84,0;1,5;13,5;12,5;0,0;0,0;0,0;0,0;0,0;0,0
Gember op siroop;289,0;1212,0;26,2;0,0;70,0;68,0;0,0;0,0;0,0;0,0;0,0;2,8
Gemberwortel;62,0;262,0;84,1;1,2;11,5;0,0;1,0;0,0;0,0;0,7;0,0;1,2
Gerst;333,0;1396,0;11,4;11,0;59,5;1,5;2,1;0,4;0,2;1,0;0,0;15,0
Gerstemeel;301,0;1263,0;26,0;11,0;58,0;1,5;2,0;0,4;0,2;0,8;0,0;2,0
Gerstvlokken;386,0;1617,0;0,9;9,1;77,0;1,5;2,0;0,4;0,2;1,0;0,0;10,0
Gevulde koek;461,0;1932,0;10,5;5,5;58,0;25,0;22,5;10,0;5,5;3,6;45,0;2,5
Gevulde speculaas;473,0;1982,0;12,0;7,5;50,0;30,0;26,5;6,0;13,0;6,0;50,0;3,0
Gierst;327,0;1370,0;21,3;10,6;60,0;0,0;3,9;0,0;1,0;2,0;0,0;3,2
Gierst, bereid;102,0;428,0;74,7;3,5;18,6;0,0;1,2;0,3;0,3;0,5;0,0;1,0
Gin, 37 % v/v;210,0;882,0;69,0;0,0;0,0;0,0;0,0;0,0;0,0;0,0;0,0;0,0
Ginger ale;15,0;64,0;96,2;0,0;3,8;3,8;0,0;0,0;0,0;0,0;0,0;0,0
Gist, Bakker's;88,0;372,0;74,0;16,5;1,0;0,0;0,5;0,1;0,3;0,0;0,0;7,0
Gist, gedroogd;406,0;1700,0;0,0;47,9;34,5;34,5;4,2;0,5;2,4;0,0;0,0;18,0
Gistextract;236,0;989,0;39,8;42,0;14,0;12,0;0,4;0,1;0,2;0,0;0,0;2,8
Gorgonzola;354,0;1484,0;48,4;19,4;0,0;0,0;31,2;20,5;7,0;1,0;90,0;0,0
Goudse kaas 48+;390,0;1636,0;41,0;25,5;0,0;0,0;32,5;20,0;10,5;1,0;115,0;0,0
Goulash, bereid;118,0;497,0;78,8;9,8;1,7;1,2;8,0;3,0;1,8;1,3;32,0;0,7
Granaatappel;85,0;360,0;77,3;1,0;17,5;12,0;0,7;0,2;0,1;0,2;0,0;2,5
Granaatappelsap;45,0;189,0;87,7;0,2;10,5;10,5;0,1;0,0;0,0;0,0;0,0;0,5
Grapefruit;45,0;191,0;87,2;0,6;9,5;7,5;0,2;0,0;0,0;0,0;0,0;1,5
Grapefruitsap, gezoet;48,0;205,0;86,9;0,5;11,3;10,4;0,1;0,0;0,0;0,0;0,0;0,2
Grapefruitsap, vers;37,0;158,0;89,7;0,5;8,5;7,2;0,1;0,0;0,0;0,0;0,0;0,2
Griesmeel;343,0;1437,0;12,6;10,3;70,0;3,0;0,8;0,1;0,1;0,4;0,0;5,3
Griesmeelpap;103,0;434,0;77,0;4,0;15,0;7,5;3,0;1,7;0,7;0,2;7,0;0,0
Groene kool, bereid;30,0;127,0;91,2;1,2;2,8;0,0;1,0;0,2;0,1;0,5;0,0;2,8
Groene kool, rauw;46,0;194,0;86,4;4,3;3,2;1,2;0,9;0,0;0,0;0,7;0,0;4,2
Groenteburger, vegetarisch;139,0;586,0;70,0;9,0;11,0;4,0;6,0;0,7;1,7;3,6;0,0;3,0
Groentespread, komkommer;160,0;674,0;72,4;1,4;13,8;13,5;11,2;1,6;2,3;6,3;0,0;0,2
Groentespread, naturel;205,0;862,0;63,3;2,6;13,8;4,5;14,8;5,4;6,5;1,3;0,0;4,5
Gruyère kaas;411,0;1721,0;35,0;29,5;1,0;1,0;32,5;21,0;8,5;2,0;110,0;0,0
Guave;46,0;195,0;85,8;0,9;7,5;6,0;0,5;0,0;0,0;0,0;0,0;4,3
Haaienolie;879,0;3682,0;0,0;0,0;0,0;0,0;99,5;38,2;22,0;28,3;0,0;0,0
Haas, wild;114,0;481,0;74,2;21,8;0,0;0,0;3,0;1,3;0,7;1,0;65,0;0,0
Haaskarbonade;150,0;632,0;69,7;22,6;0,0;0,0;6,7;2,6;2,7;1,0;62,0;0,0
Haaskarbonade, bereid;212,0;889,0;59,6;28,0;0,4;0,0;11,0;4,0;4,1;1,2;40,0;0,0
Hacheevlees, bereid;413,0;1729,0;37,5;25,0;0,5;0,5;35,0;10,0;15,0;0,0;55,0;0,0
Halskarbonade;195,0;818,0;66,4;19,4;0,0;0,0;13,2;5,2;5,2;1,6;65,0;0,0
Halskarbonade, bereid;275,0;1152,0;53,0;27,5;0,0;0,0;18,5;6,7;7,0;2,1;40,0;0,0
Halvarine, 25 % vet;255,0;1069,0;65,5;2,5;6,0;0,0;25,0;5,9;11,7;5,6;0,0;0,0
Halvarine, 40 % vet;361,0;1514,0;57,0;1,5;0,5;0,0;40,0;12,0;12,8;14,0;4,5;0,0
Ham, rauwe;201,0;845,0;64,0;21,5;1,0;1,0;12,5;4,4;5,8;0,8;85,0;0,0
Hamburger, bereid;272,0;1139,0;55,5;21,0;2,5;0,0;20,0;8,8;7,8;1,0;60,0;0,0
Hamburger, rauw;229,0;962,0;61,2;18,0;3,8;0,0;16,0;7,0;6,3;0,7;75,0;0,0
Hamburger, vegetarisch;168,0;707,0;65,5;16,0;7,0;2,6;8,0;0,9;1,6;5,5;0,0;2,5
Hamlappen;129,0;542,0;73,0;21,0;0,0;0,0;5,0;1,6;1,5;0,5;60,0;0,0
Hangop;78,0;326,0;82,9;9,1;4,3;2,8;2,7;1,5;0,1;0,0;3,8;0,0
Haricots verts, onbereid;44,0;186,0;86,4;2,4;6,1;2,8;0,3;0,1;0,0;0,1;0,0;3,8
Haring;216,0;906,0;64,0;18,0;0,5;0,0;16,0;5,0;3,0;6,0;80,0;0,0
Haring in tomatensaus;164,0;687,0;70,9;14,8;2,8;0,5;10,5;2,7;4,0;2,7;90,0;0,0
Haring, gerookt;236,0;989,0;60,3;22,1;0,0;0,0;16,6;4,0;8,1;3,1;72,0;0,0
Haring, gezouten;183,0;767,0;68,0;18,0;1,0;0,0;12,0;3,0;2,0;5,0;72,0;0,0
Haring, in zuur, glas;208,0;872,0;66,5;16,0;0,5;0,0;16,0;4,4;9,4;1,0;90,0;0,0
Haring, maatjes;165,0;695,0;67,0;19,0;0,8;0,0;9,7;2,4;4,8;1,6;60,0;0,0
Hart, varken;100,0;419,0;77,5;17,0;0,0;0,0;3,5;0,0;0,0;0,0;150,0;0,0
Hausmacherleverworst;267,0;1119,0;57,6;15,4;5,2;1,1;20,8;6,3;11,7;2,5;175,0;0,0
Haver;374,0;1567,0;12,2;12,6;61,5;1,2;7,1;0,0;0,0;0,0;0,0;5,6
Haverkoek;353,0;1478,0;22,4;8,3;55,0;19,5;10,2;1,8;3,7;3,8;40,0;3,1
Havermeel;390,0;1633,0;7,4;14,9;62,0;4,5;7,2;1,0;3,0;3,0;0,0;7,5
Havermout;380,0;1595,0;9,4;13,1;62,0;4,5;7,0;1,0;3,0;3,0;0,0;7,5
Havermoutpap;76,0;322,0;82,4;3,5;9,5;5,4;2,5;1,4;0,7;0,2;0,0;1,1
Havervlokken;381,0;1596,0;9,8;13,5;62,0;1,0;7,0;0,0;0,0;0,0;0,0;6,7
Hazelnootolie;883,0;3700,0;0,0;0,0;0,0;0,0;100,0;7,8;76,5;11,2;0,0;0,0
Hazelnoten;667,0;2794,0;4,2;14,2;10,6;8,5;62,5;4,2;52,5;5,0;0,0;7,5
Heek;78,0;327,0;80,8;17,3;0,0;0,0;0,9;0,2;0,2;0,4;20,0;0,0
Heilbot, witte;105,0;441,0;76,0;20,5;0,0;0,0;2,5;0,4;0,6;1,0;38,0;0,0
Hennepzaad;600,0;2510,0;8,2;33,2;5,2;0,1;47,5;4,1;6,0;36,5;0,0;4,9
Hersenen, varken;122,0;513,0;79,4;10,6;0,0;0,0;9,0;1,6;1,3;1,0;2500,0;0,0
Hert;114,0;478,0;75,0;20,5;0,0;0,0;3,5;1,6;1,2;0,7;80,0;0,0
Hollandaisesaus;98,0;411,0;84,0;1,8;5,4;0,0;7,8;4,6;1,6;0,4;20,0;0,0
Honing;308,0;1290,0;23,1;0,4;75,5;75,1;0,0;0,0;0,0;0,0;0,0;0,0
Hoofdkaas;193,0;811,0;64,8;22,5;0,2;0,0;11,5;3,5;5,2;1,8;80,0;0,0
Hotdog;251,0;1055,0;50,3;10,2;27,0;0,0;11,4;0,0;0,0;0,0;0,0;0,1
Hummus, biologisch;242,0;1016,0;55,9;6,1;10,5;0,0;18,0;2,1;7,5;0,0;6,8;8,5
Hüttenkase (cottage)             ;98,0;411,0;78,9;12,3;2,5;2,5;4,3;2,5;1,0;0,0;0,0;0,0
Huzarensalade;170,0;715,0;68,5;6,0;12,5;2,5;10,5;1,3;3,7;4,5;90,0;1,5
IJs, gemiddeld;196,0;822,0;63,3;3,9;21,0;20,0;10,8;7,5;3,0;0,1;10,0;0,0
IJs, roomijs, gemiddeld;257,0;1077,0;55,0;3,9;23,5;20,0;16,5;9,8;4,5;0,4;20,0;0,1
IJs, water gem.;96,0;405,0;75,2;0,1;23,5;22,3;0,1;0,0;0,0;0,0;0,0;0,1
IJsbergsla;11,0;48,0;95,7;1,2;0,9;0,0;0,1;0,0;0,0;0,0;0,0;1,1
Inktvis;80,0;338,0;81,1;16,2;0,0;0,0;1,7;0,8;0,7;0,1;250,0;0,0
Inktvis, bereid;147,0;618,0;68,5;24,5;1,0;0,0;5,0;1,5;0,5;0,5;200,0;0,0
Inktvisringen, gefrituurd;429,0;1800,0;29,7;25,0;13,2;0,0;31,1;3,6;7,8;18,3;140,0;0,0
Jacobsschelpen;72,0;304,0;81,2;15,5;2,2;0,0;0,1;0,0;0,0;0,0;30,0;0,0
Jägermeister, 34 % v/v;299,0;1250,0;50,0;0,0;15,0;15,0;0,0;0,0;0,0;0,0;0,0;0,0
Jam, aardbei, huishoud;247,0;1038,0;37,1;0,4;60,0;59,0;0,0;0,0;0,0;0,0;0,0;1,5
Jam, halva;135,0;569,0;65,0;0,0;33,0;32,0;0,0;0,0;0,0;0,0;0,0;1,0
Jenever, bessen 16 % v/v;184,0;770,0;65,0;0,0;18,0;18,0;0,0;0,0;0,0;0,0;0,0;0,0
Jenever, citroen 30 % v/v;160,0;668,0;74,0;0,0;3,0;3,0;0,0;0,0;0,0;0,0;0,0;0,0
Jenever, jong, 28 % v/v;196,0;820,0;72,0;0,0;0,0;0,0;0,0;0,0;0,0;0,0;0,0;0,0
Jenever, oud, 28 % v/v;200,0;837,0;71,0;0,0;1,0;1,0;0,0;0,0;0,0;0,0;0,0;0,0
Jus d'orange;47,0;198,0;87,5;0,7;10,5;10,5;0,2;0,0;0,0;0,0;0,0;0,1
Kaas 10+;193,0;810,0;59,0;33,5;0,0;0,0;6,5;4,1;1,4;0,2;30,0;0,0
Kaas 20+;235,0;988,0;55,0;32,0;0,0;0,0;12,0;8,0;3,5;0,5;40,0;0,0
Kaas 30+;253,0;1061,0;56,0;26,5;0,0;0,0;16,5;10,0;5,5;0,5;50,0;0,0
Kaas 40+;317,0;1330,0;48,5;26,9;0,0;0,0;23,6;14,9;5,4;0,6;83,0;0,0
Kaas 45+;364,0;1525,0;44,0;25,5;0,0;0,0;29,5;20,0;7,5;1,0;115,0;0,0
Kaas 48+;382,0;1601,0;41,5;24,5;0,0;0,0;32,0;20,0;10,0;1,0;110,0;0,0
Kaas, strooi;217,0;909,0;55,5;35,0;0,0;0,0;8,5;5,5;2,2;0,1;26,0;0,0
Kaasburger, vegetarisch;258,0;1083,0;50,6;15,2;15,8;2,0;14,4;5,3;7,3;1,8;17,0;3,0
Kaassoufflé, gefrituurd;403,0;1689,0;31,6;7,6;32,6;4,5;27,2;8,5;10,0;6,5;20,0;0,0
Kaasspread/dip;315,0;1321,0;48,3;18,2;9,5;0,0;23,0;14,8;0,0;0,7;60,0;0,0
Kabeljauw, onbereid;72,0;304,0;81,9;16,4;0,0;0,0;0,7;0,1;0,1;0,4;52,0;0,0
Kabeljauwfilet, bereid;118,0;495,0;73,4;22,0;0,6;0,0;3,0;0,7;0,4;0,6;70,0;0,0
Kaki;78,0;327,0;79,5;0,5;18,5;18,3;0,0;0,0;0,0;0,0;0,0;0,5
Kalfsvlees, mager;104,0;439,0;75,0;22,4;0,0;0,0;1,6;0,8;0,7;0,1;57,0;0,0
Kalfsvlees, vet;170,0;713,0;68,9;20,0;0,0;0,0;10,1;5,1;4,6;0,4;70,0;0,0
Kalkoen, gemiddeld;141,0;592,0;71,2;21,8;0,0;0,0;6,0;1,7;2,0;1,3;60,0;0,0
Kalkoenborst;106,0;446,0;74,4;22,6;0,6;0,0;1,4;0,3;0,2;0,2;15,0;0,0
Kalkoenbout;115,0;479,0;70,0;20,5;0,0;0,0;3,6;1,3;0,8;0,9;40,0;0,0
Kaneel;314,0;1318,0;12,0;3,8;55,0;0,0;3,2;1,0;0,0;1,0;0,0;25,0
Kapucijners, blik;104,0;438,0;70,9;6,5;14,0;0,0;1,0;0,0;0,0;0,8;0,0;6,6
Karnemelk, gesuikerd;53,0;223,0;86,2;2,3;10,2;10,2;0,3;0,2;0,1;0,0;1,0;0,0
Karnemelk, ongesuikerd;32,0;133,0;91,0;2,5;4,5;4,5;0,4;0,3;0,1;0,0;1,0;0,0
Karnemelksepap, gort;49,0;209,0;87,0;3,5;7,5;3,5;0,5;0,2;0,1;0,0;1,0;0,5
Karper;115,0;482,0;76,0;18,0;0,0;0,0;4,8;1,0;2,2;1,3;75,0;0,0
Kastanjes, rauw;188,0;789,0;51,5;4,0;35,0;6,5;2,0;0,2;0,4;0,5;0,0;6,5
Kauwgom;284,0;1190,0;4,0;0,0;70,0;70,0;0,0;0,0;0,0;0,0;0,0;0,0
Kauwgom, suikervrij;0,0;0,0;3,0;0,0;0,0;0,0;0,0;0,0;0,0;0,0;0,0;0,0
Kaviaar;273,0;1146,0;53,9;26,1;0,0;0,0;19,0;5,0;8,1;5,3;300,0;0,0
Kaviaar, imitatie;120,0;504,0;77,0;15,5;0,0;0,0;6,5;2,4;3,0;0,5;320,0;0,0
Kefir;63,0;262,0;86,7;3,3;4,5;0,0;3,5;2,0;1,0;0,0;10,0;0,0
Kernhemmer, kaas;423,0;1774,0;40,5;19,5;0,0;0,0;39,0;25,0;10,0;2,0;120,0;0,0
Kerrie;325,0;1364,0;26,5;12,5;36,0;0,0;12,0;0,0;0,0;0,0;0,0;12,0
Kersen;54,0;228,0;84,9;0,5;12,0;11,5;0,1;0,0;0,0;0,0;0,0;1,5
Kervel, gedroogd;305,0;1280,0;22,0;23,5;39,0;0,0;3,5;0,0;1,7;1,7;0,0;11,0
Kervel, vers;75,0;316,0;81,1;4,0;12,0;0,0;1,0;0,0;0,0;1,0;0,0;0,9
Ketjap, zoet;266,0;1117,0;33,4;3,5;62,0;56,0;0,1;0,0;0,0;0,0;0,0;0,0
Ketjap, zout;128,0;539,0;67,4;11,5;20,0;19,5;0,1;0,0;0,0;0,0;0,0;0,0
Keukenstroop;304,0;1275,0;24,0;0,0;75,0;74,0;0,0;0,0;0,0;0,0;0,0;0,0
Kibbeling, gebakken;268,0;1121,0;48,7;24,5;12,1;0,5;13,5;1,8;6,6;4,9;95,0;0,2
Kidneybonen;126,0;528,0;67,7;7,8;21,5;1,4;0,5;0,0;0,0;0,0;0,0;1,5
Kievitsbonen, borlotti, gedr.;265,0;1110,0;0,0;20,0;43,0;0,0;1,5;0,0;0,0;0,0;0,0;0,0
Kikkerbilletjes;69,0;289,0;82,3;16,4;0,0;0,0;0,3;0,1;0,1;0,1;32,0;0,0
Kikkererwten, bereid;119,0;502,0;70,1;7,5;13,0;0,0;3,0;0,4;0,5;1,3;0,0;5,4
Kikkererwten, gedroogd;325,0;1361,0;18,0;20,0;48,0;0,0;3,5;0,0;0,0;0,0;0,0;9,5
Kikkererwten, groen;155,0;652,0;61,5;7,5;22,0;0,0;3,0;0,0;0,0;0,0;0,0;5,0
Kip met vel;165,0;694,0;69,8;19,3;0,0;0,0;9,9;2,5;3,9;1,5;80,0;0,0
Kip zonder vel;138,0;581,0;72,2;20,5;0,0;0,0;6,3;1,6;2,5;1,0;20,0;0,0
Kip, drumsticks, met vel;150,0;628,0;71,9;18,9;0,0;0,0;8,2;2,5;2,3;1,9;95,0;0,0
Kip, rollade;176,0;738,0;68,5;18,0;1,5;0,0;11,0;5,0;3,0;2,1;20,0;0,0
Kip, vleugel met vel;161,0;674,0;67,6;24,3;0,0;0,0;7,1;2,0;2,9;1,5;30,0;0,0
Kipfilet, bereid;157,0;658,0;65,0;30,0;0,0;0,0;4,0;1,5;1,0;0,7;35,0;0,0
Kippenborst, kipfilet;100,0;420,0;75,3;22,8;0,0;0,0;0,9;0,2;0,2;0,2;45,0;0,0
Kippenbout;103,0;435,0;76,1;20,6;0,0;0,0;2,3;0,7;0,6;0,5;74,0;0,0
Kippendij met vel;213,0;891,0;66,3;16,0;0,2;0,0;16,5;4,5;6,9;3,5;92,0;0,0
Kippenei;142,0;596,0;76,0;13,3;0,0;0,0;10,0;4,0;5,0;1,0;390,0;0,0
Kippenlever;132,0;554,0;71,3;22,5;1,0;0,0;4,2;1,5;1,2;1,2;520,0;0,0
Kipsaté met pindasaus;229,0;962,0;58,0;15,0;12,0;0,0;13,5;3,3;4,6;3,4;40,0;0,5
Kiwi;48,0;205,0;86,8;1,0;10,3;7,5;0,2;0,0;0,0;0,0;0,0;0,7
Klapstuk;165,0;694,0;69,2;20,4;0,0;0,0;9,4;4,2;4,0;0,0;63,5;0,0
Knäckebröd met vezels, gem.;352,0;1474,0;9,0;13,0;45,0;2,5;8,0;1,3;2,2;2,9;0,0;24,0
Knäckebröd, gemiddeld;388,0;1626,0;9,5;12,0;65,0;12,0;7,5;3,5;2,5;1,0;0,0;5,0
Knäckebröd, light;341,0;1430,0;7,8;10,0;64,0;2,5;1,2;0,4;0,2;0,2;0,0;16,0
Knäckebröd, maanzaad;401,0;1679,0;6,5;11,0;66,0;4,2;8,5;2,5;2,7;2,6;0,0;7,0
Knäckebröd, Sandwich, gemidd;481,0;2016,0;8,1;11,5;48,0;5,5;26,0;16,0;7,6;2,2;0,0;5,4
Knäckebröd, Sesam;413,0;1731,0;5,5;12,0;65,0;1,0;10,0;2,5;4,0;3,5;0,0;6,5
Knäckebröd, volkoren;348,0;1458,0;6,5;9,5;65,5;1,5;1,5;0,5;0,2;0,5;0,0;16,0
Knakworst;293,0;1230,0;58,5;10,9;2,5;0,0;27,1;9,6;11,0;2,0;150,0;0,0
Knoflook, rauw;140,0;589,0;63,0;6,0;28,0;0,9;0,1;0,0;0,0;0,0;0,0;1,9
Knolselderij, bereid;32,0;135,0;87,2;2,0;5,0;0,0;0,0;0,0;0,0;0,0;0,0;4,8
Knolselderij, rauw;31,0;133,0;86,6;2,0;5,0;0,0;0,4;0,0;0,0;0,0;0,0;5,0
Koekje, gemiddeld;421,0;1764,0;3,0;8,5;78,0;52,0;7,5;4,5;2,3;0,7;20,0;2,0
Koffie met melk;10,0;44,0;96,4;0,7;1,9;0,2;0,1;0,0;0,0;0,0;0,0;0,0
Koffie, melk en suiker;22,0;93,0;93,6;0,7;4,6;2,7;0,1;0,0;0,0;0,0;0,0;0,0
Koffie, zwart;0,0;0,0;98,9;0,0;0,0;0,0;0,0;0,0;0,0;0,0;0,0;0,1
Koffiecreamer;550,0;2301,0;3,8;4,2;55,0;55,0;35,0;34,0;1,0;0,0;0,0;0,0
Koffiekoek;399,0;1671,0;26,5;7,9;37,0;10,0;23,7;15,9;6,2;0,9;72,0;3,9
Koffiekoek met abrikozen;278,0;1168,0;41,3;5,2;35,3;10,3;11,8;8,3;2,8;0,4;24,0;5,4
Koffiekoek met chocolade;382,0;1596,0;20,0;7,1;30,1;8,1;25,9;12,4;10,4;2,6;67,0;0,0
Koffiekoek met rozijnen;283,0;1187,0;37,6;5,8;36,1;14,1;11,0;6,2;3,7;1,1;36,0;8,5
Koffiemelk, halfvol;113,0;475,0;76,0;7,8;11,0;10,0;4,2;2,0;1,0;0,0;12,0;0,0
Koffiemelk, mager;79,0;330,0;78,8;8,0;11,0;10,0;0,2;0,0;0,0;0,0;2,5;0,0
Koffiemelk, vol;149,0;624,0;71,3;8,2;10,0;9,5;8,5;5,0;3,0;0,0;25,0;0,0
Koffieroom;204,0;856,0;71,2;2,8;4,0;3,5;20,0;12,0;6,0;0,0;60,0;0,0
Köfte, rundergehakt;252,0;1059,0;52,0;26,0;8,0;0,0;13,0;0,0;0,0;0,0;0,0;0,0
Köfte, schapengehakt;208,0;872,0;60,9;22,0;4,0;0,0;11,5;4,9;3,7;0,5;80,0;0,6
Kokkel;64,0;267,0;82,4;15,5;0,0;0,0;0,1;0,0;0,0;0,0;230,0;0,0
Kokos, vers, stukjes;410,0;1719,0;37,0;4,0;3,0;1,0;40,0;31,0;4,5;2,0;0,0;15,0
Kokosbrood;446,0;1868,0;18,4;4,3;35,0;31,0;30,0;27,0;2,0;1,0;0,0;11,3
Kokoskoek, gem.;550,0;2305,0;3,5;5,5;53,0;30,0;35,0;22,0;11,0;2,0;40,0;2,0
Kokosmakroon;448,0;1877,0;8,3;4,6;57,6;54,0;20,4;18,1;1,3;0,1;1,5;8,1
Kokosnootmelk, blik;208,0;872,0;73,0;1,5;3,0;0,0;21,5;18,5;1,0;0,2;0,0;0,0
Kokosolie;878,0;3677,0;0,2;0,8;0,0;0,0;99,0;86,5;6,5;1,5;0,6;0,0
Kokossap, vers;21,0;91,0;93,3;0,7;3,7;2,5;0,2;0,2;0,0;0,0;0,0;1,1
Kokosvlees, geraspt, gedroogd;680,0;2845,0;2,5;7,0;11,0;7,5;64,5;57,0;2,7;1,1;0,0;14,0
Koksroom, 20 % vet;207,0;870,0;71,4;2,9;4,5;4,3;20,1;12,5;5,8;0,6;30,0;0,1
Komijn, gedroogd;425,0;1782,0;14,5;18,0;34,0;0,0;22,0;2,0;9,0;11,0;0,0;10,5
Komijnenkaas;271,0;1138,0;57,3;20,0;0,1;0,0;21,5;0,0;0,0;0,0;65,0;0,1
Komijnzaad;356,0;1490,0;0,0;19,0;36,0;0,0;15,0;0,0;0,0;0,0;0,0;0,0
Komkommer;14,0;62,0;95,1;0,6;2,2;1,8;0,2;0,0;0,0;0,0;0,0;0,9
Konijn, tam;173,0;727,0;68,0;21,0;0,0;0,0;10,0;3,2;2,0;1,9;80,0;0,0
Konijn, wild;133,0;559,0;72,0;22,0;0,0;0,0;5,0;2,0;2,0;1,0;65,0;0,0
Koolraap;24,0;102,0;90,3;1,0;5,0;3,2;0,2;0,0;0,0;0,0;0,0;2,5
Koolrabi;29,0;122,0;90,5;2,0;4,0;0,0;0,0;0,0;0,0;0,0;0,0;2,5
Koolvis, diepvries;76,0;320,0;80,6;18,0;0,0;0,0;0,4;0,1;0,1;0,1;70,0;0,0
Koolvis, onbereid;80,0;333,0;80,0;17,2;0,0;0,0;1,2;0,2;0,3;0,4;67,0;0,0
Koolzaadolie;875,0;3663,0;1,0;0,0;0,0;0,0;99,0;11,5;60,0;27,5;1,8;0,0
Korhoen, bereid;183,0;767,0;61,5;31,0;0,0;0,0;6,5;0,0;3,1;0,0;0,0;0,0
Koriander, vers;37,0;157,0;84,9;4,0;1,0;0,0;0,0;0,0;0,0;0,0;0,0;9,1
Kousenband;42,0;180,0;87,7;3,0;7,0;0,0;0,0;0,0;0,0;0,0;0,0;1,3
Krab;85,0;354,0;77,0;17,0;1,0;0,0;1,4;0,4;0,3;0,7;120,0;0,0
Krabbetjes, varken bereid;258,0;1080,0;59,5;18,3;0,0;0,0;20,8;8,3;11,1;0,0;65,0;0,0
Kreeft, bereid;82,0;345,0;81,0;16,0;0,0;0,0;2,0;0,4;0,5;0,8;160,0;0,0
Krenten;329,0;1381,0;13,0;2,0;75,0;75,0;0,0;0,0;0,0;0,0;0,0;9,0
Krentenbrood/bol;283,0;1187,0;31,3;7,5;54,0;14,0;3,2;2,0;1,0;0,1;5,0;3,0
Kristalsuiker;406,0;1700,0;0,0;0,0;100,0;100,0;0,0;0,0;0,0;0,0;0,0;0,0
Kroepoek, naturel;502,0;2102,0;4,5;4,0;65,0;0,0;25,0;8,0;11,0;7,0;100,0;0,5
Kroket, bereid;305,0;1276,0;46,5;7,5;24,0;3,0;20,0;10,0;8,0;2,0;25,0;0,0
Kroket, vegetarisch;204,0;855,0;58,3;20,8;9,7;0,4;8,8;3,5;1,3;4,0;0,0;1,4
Kruidnagel;427,0;1788,0;12,3;6,2;51,0;0,0;20,0;2,0;8,0;10,0;0,0;9,5
Kruisbessen;36,0;153,0;90,0;1,0;8,0;7,8;0,0;0,0;0,0;0,0;0,0;0,0
Kuikenrollade;117,0;494,0;75,8;18,0;0,2;0,0;5,0;1,8;1,3;1,1;15,0;0,0
Kuit;150,0;630,0;67,9;26,0;0,0;0,0;5,1;2,0;2,4;0,3;300,0;0,0
Kumkwat;71,0;301,0;80,5;1,0;16,0;15,8;0,0;0,0;0,0;0,0;0,0;1,5
Kwark, halfvol;100,0;421,0;79,5;12,0;3,0;3,0;4,5;2,6;1,2;0,1;15,0;0,0
Kwark, magere;53,0;222,0;85,1;9,9;3,5;3,5;0,5;0,3;0,2;0,0;0,0;0,0
Kwark, volle;130,0;544,0;78,8;7,8;4,3;3,7;9,1;5,9;2,6;0,4;37,0;0,0
Kwartel;190,0;796,0;65,9;19,5;0,1;0,0;12,5;0,0;0,0;0,0;75,0;0,0
Kweepeer;69,0;291,0;80,9;0,5;15,5;0,0;0,1;0,0;0,0;0,0;0,0;2,0
Kwetsen, pruim;60,0;255,0;83,6;0,8;12,0;11,5;0,6;0,0;0,0;0,0;0,0;2,0
Lamsbout;173,0;726,0;69,0;19,2;0,0;0,0;10,8;4,4;4,2;0,0;78,0;0,0
Lamskarbonade;243,0;1018,0;61,1;19,2;0,0;0,0;18,7;8,5;6,7;0,0;79,0;0,0
Lamsvlees, mager;190,0;797,0;66,2;20,8;0,0;0,0;12,0;5,9;4,7;0,6;79,0;0,0
Lamsvlees, vet;281,0;1180,0;59,0;15,0;0,0;0,0;25,0;12,0;9,5;3,5;80,0;0,0
Lamszadel;253,0;1063,0;60,2;18,6;0,0;0,0;20,2;9,7;6,8;0,8;94,0;0,0
Langoestine;85,0;355,0;78,4;17,2;1,3;0,0;1,1;0,0;0,0;0,0;0,0;0,0
Lasagne, gemiddeld;146,0;614,0;70,2;6,8;13,6;5,0;6,9;3,2;3,1;0,5;13,5;1,5
Leerdammer, kaas 45+;367,0;1540,0;42,5;27,5;0,0;0,0;29,0;18,0;7,0;0,8;90,0;0,0
Lekkerbekje, gebakken;235,0;988,0;58,5;23,5;2,0;0,2;15,0;4,0;4,9;5,1;80,0;0,0
Lenderollade;126,0;530,0;72,5;22,5;0,0;0,0;4,0;1,7;1,6;0,0;62,0;0,0
Leng;75,0;313,0;80,0;18,4;0,0;0,0;0,2;0,1;0,0;0,1;70,0;0,0
Lever, kalf;109,0;457,0;76,0;17,7;2,0;0,0;3,3;1,2;0,9;0,7;270,0;0,0
Lever, lam;131,0;550,0;71,2;21,0;2,9;0,0;3,9;1,5;0,7;1,0;270,0;0,0
Lever, rund;123,0;519,0;72,7;20,7;2,0;0,0;3,6;1,4;0,6;1,3;270,0;0,0
Lever, varken;132,0;555,0;70,9;22,2;2,0;2,0;3,9;1,2;0,6;1,7;280,0;0,0
Leverkaas;322,0;1350,0;54,4;13,3;1,7;1,0;29,6;11,2;14,8;1,0;175,0;0,0
Leverpastei;314,0;1317,0;54,8;14,2;1,7;1,0;28,3;8,5;15,1;3,3;250,0;0,0
Levertraan;881,0;3692,0;0,0;0,0;0,0;0,0;99,8;0,0;0,0;0,0;0,0;0,0
Leverworst;306,0;1282,0;53,2;18,8;1,8;0,0;25,2;9,6;12,6;3,0;175,0;0,0
Lijnzaad;486,0;2036,0;0,0;20,0;13,5;0,0;32,5;3,5;6,0;22,0;0,0;33,0
Lijnzaadolie;882,0;3693,0;0,2;0,0;0,0;0,0;99,8;12,5;17,5;68,5;0,0;0,0
Likeur < 15 % v/v;205,0;858,0;58,0;0,0;30,0;29,0;0,0;0,0;0,0;0,0;0,0;0,0
Likeur > 25 % v/v;355,0;1485,0;45,0;0,0;30,0;29,0;0,0;0,0;0,0;0,0;0,0;0,0
Likeur, 15 - 25 % v/v;246,0;1032,0;52,0;0,0;30,0;29,0;0,0;0,0;0,0;0,0;0,0;0,0
Limabonen, gekookt;137,0;574,0;61,8;8,2;21,0;3,0;0,5;0,1;0,0;0,2;0,0;7,5
Limabonen, rauw;363,0;1519,0;0,0;21,5;58,6;8,3;0,7;0,2;0,1;0,4;0,0;18,2
Limburgse kaas 40+;269,0;1129,0;55,5;22,5;1,5;1,5;19,5;12,9;4,5;0,4;90,0;0,0
Limoen;32,0;135,0;93,0;0,5;2,0;1,9;2,5;0,0;0,0;0,0;0,0;0,0
Limonade, gem.;41,0;170,0;88,0;0,0;10,0;10,0;0,0;0,0;0,0;0,0;0,0;0,0
Limonade, light;7,0;30,0;97,2;0,0;1,8;0,0;0,0;0,0;0,0;0,0;0,0;0,0
Limonadesiroop;223,0;935,0;44,0;0,0;55,0;55,0;0,0;0,0;0,0;0,0;0,0;0,0
Linzen, bereid, gem.;117,0;490,0;68,3;10,0;15,0;0,0;0,7;0,1;0,1;0,4;0,0;5,0
Linzen, gedroogd, gem.;309,0;1295,0;16,2;21,0;44,5;1,2;1,5;0,3;0,1;0,8;0,0;15,8
Loempia;207,0;870,0;58,5;8,5;20,0;3,0;10,0;1,5;4,5;1,8;100,0;2,0
Luncheonmeat, blik;334,0;1399,0;52,0;13,0;4,0;0,0;30,0;12,2;16,2;4,3;40,0;0,0
Lychee;81,0;342,0;78,6;0,9;18,0;16,8;0,3;0,0;0,0;0,0;0,0;1,2
Maanzaad;511,0;2136,0;12,8;20,0;4,2;3,2;41,5;5,1;7,5;20,1;0,0;20,5
Maaslander 48+;374,0;1566,0;43,3;24,7;0,0;0,0;31,0;21,0;7,6;0,7;89,0;0,0
Macadamianoten;733,0;3072,0;2,5;9,0;6,5;0,0;74,5;14,5;57,5;2,0;0,0;6,5
Macaroni, onbereid;359,0;1506,0;12,1;13,5;67,0;3,7;3,0;0,3;0,3;0,8;0,0;3,4
Macaroni, volkoren onbereid;336,0;1410,0;12,8;11,0;62,0;2,0;2,2;0,4;0,3;1,0;0,0;11,0
Madeira, 18 - 20 % v/v;156,0;656,0;71,0;0,0;10,0;10,0;0,0;0,0;0,0;0,0;0,0;0,0
Madeira, 20 % v/v;165,0;692,0;72,0;0,0;10,0;10,0;0,0;0,0;0,0;0,0;0,0;0,0
Maïs, blik;121,0;507,0;68,5;3,5;22,5;1,0;1,0;0,0;0,0;0,0;0,0;3,5
Maïs, hele korrel;354,0;1484,0;11,3;9,2;65,5;1,5;3,8;0,0;0,8;1,6;0,0;9,2
Maïsburger, vegetarisch;193,0;809,0;57,0;10,0;20,0;2,2;7,0;0,8;1,0;4,8;0,0;5,0
Maïskiemolie;883,0;3700,0;0,0;0,0;0,0;0,0;100,0;13,5;27,5;55,5;0,0;0,0
Maïskolf, gekookt;127,0;532,0;69,9;3,4;23,1;0,5;2,1;0,2;0,0;0,0;0,0;0,5
Maïsmeel;365,0;1531,0;12,1;8,9;75,0;7,5;2,8;0,0;0,8;1,6;0,0;0,2
Maïsolie;883,0;3700,0;0,0;0,0;0,0;0,0;100,0;13,5;27,5;56,5;0,0;0,0
Maïzena;370,0;1551,0;7,6;0,3;90,5;4,5;0,1;0,0;0,0;0,0;0,0;0,5
Majoraan, gedroogd;331,0;1387,0;16,3;12,5;45,0;0,0;7,2;1,0;3,0;3,0;0,0;18,0
Makreel, bereid;244,0;1025,0;58,3;24,0;0,0;0,0;16,7;5,0;7,2;3,2;85,0;0,0
Makreel, gerookt;282,0;1180,0;52,0;21,0;0,0;0,0;26,0;6,1;8,3;9,8;14,0;0,0
Makreel, in water (blik);264,0;1105,0;59,7;18,0;0,0;0,0;21,3;5,5;9,9;5,8;80,0;0,0
Makreel, rauw;258,0;1079,0;60,3;18,0;0,0;0,0;20,7;4,9;9,6;4,4;76,0;0,0
Mandarijnen;49,0;209,0;86,0;0,7;10,1;9,2;0,3;0,0;0,0;0,0;0,0;1,9
Mango;61,0;259,0;83,3;1,1;12,8;12,2;0,3;0,0;0,0;0,1;0,0;1,5
Mangosap;41,0;173,0;88,9;0,1;9,5;9,3;0,2;0,0;0,0;0,0;0,0;0,3
Margarine, 80% vet, gemiddeld;711,0;2977,0;18,0;0,0;1,0;0,0;80,0;33,0;25,0;17,0;3,0;0,0
Margarine, vloeibaar > 80 % vet;725,0;3037,0;16,8;0,0;0,2;0,2;82,0;9,8;32,0;36,0;4,2;0,0
Marmalade;292,0;1226,0;27,2;0,8;70,0;0,0;0,5;0,0;0,0;0,0;0,0;0,5
Marmite;240,0;1003,0;38,5;43,0;15,0;0,0;0,0;0,0;0,0;0,0;0,0;2,5
Marsepein;456,0;1911,0;15,0;8,0;50,0;50,0;25,0;2,0;6,0;1,8;0,0;0,0
Marshmellows;332,0;1394,0;17,0;2,0;80,0;80,0;0,0;0,0;0,0;0,0;0,0;0,0
Mascarpone;408,0;1710,0;47,8;5,0;4,2;4,2;42,0;29,3;9,1;0,8;120,0;0,0
Mayonaise;741,0;3105,0;12,8;1,7;2,5;2,5;82,0;12,0;17,5;50,0;75,0;0,0
Melk, halfvol, lactosevrij;44,0;184,0;89,9;3,4;4,2;4,0;1,5;1,1;0,4;0,0;4,0;0,0
Melk, halfvolle;46,0;194,0;89,3;3,4;4,8;4,8;1,5;0,9;0,3;0,0;5,0;0,0
Melk, halfvolle Ca+;47,0;197,0;90,0;3,3;4,9;4,9;1,6;1,0;0,5;0,1;5,0;0,0
Melk, magere;37,0;156,0;89,9;3,9;5,1;5,1;0,1;0,1;0,0;0,0;2,0;0,0
Melk, volle;62,0;261,0;87,6;3,7;4,3;4,3;3,4;2,1;0,9;0,1;9,5;0,0
Melkdrank, halfvol gem.;50,0;211,0;88,9;3,1;5,0;5,0;2,0;1,2;0,5;0,1;0,0;0,0
Melkpoeder, mager;349,0;1460,0;4,0;35,0;50,0;50,0;1,0;0,6;0,3;0,0;20,0;0,0
Melkpoeder, volle;503,0;2108,0;8,5;27,0;35,0;35,0;28,5;16,3;7,6;0,9;80,0;0,0
Meloen, suiker;34,0;142,0;90,1;0,9;7,0;6,5;0,3;0,0;0,0;0,0;0,0;0,7
Mierikswortel, Horse-radish;72,0;302,0;77,3;3,1;10,3;7,0;0,3;0,1;0,2;0,0;0,0;8,0
Milkshake, gem.;128,0;539,0;72,9;3,2;16,8;16,5;5,2;3,3;1,2;0,3;5,0;0,9
Mineraalwater;0,0;0,0;100,0;0,0;0,0;0,0;0,0;0,0;0,0;0,0;0,0;0,0
Mini pizza, gemiddeld;232,0;975,0;52,0;11,5;24,5;4,8;9,5;4,0;2,0;2,5;20,0;1,5
Miso;139,0;586,0;66,9;13,0;6,5;6,2;5,3;1,2;1,1;2,6;0,0;7,3
Moedermelk;69,0;289,0;85,7;1,3;7,0;0,2;4,0;2,0;1,6;0,3;25,0;0,0
Moessaka, gemiddeld;208,0;871,0;63,0;6,5;10,0;2,2;15,0;5,0;6,0;3,5;20,0;4,5
Molsla, paardebloemblad;56,0;236,0;85,4;2,7;9,2;0,0;0,7;0,0;0,0;0,0;0,0;1,0
Monterey kaas;374,0;1566,0;43,0;24,6;0,7;0,0;30,7;0,0;0,0;0,0;0,0;0,0
Morellen;52,0;220,0;84,9;1,0;11,0;11,0;0,0;0,0;0,0;0,0;0,0;2,1
Mortadella;304,0;1274,0;53,8;16,5;3,4;0,2;25,3;9,8;9,3;3,3;55,0;0,0
Mosselen;74,0;311,0;84,2;9,8;2,0;0,0;3,0;1,0;0,9;0,7;90,0;0,0
Mosselen in zuur;111,0;466,0;73,9;23,1;0,0;0,0;2,0;0,6;0,5;0,6;76,0;0,0
Mosselen, gebakken;323,0;1355,0;44,0;32,0;2,0;0,0;21,0;2,9;8,3;8,0;70,0;0,0
Mosterd;85,0;358,0;82,6;5,0;7,4;0,0;4,0;1,0;2,0;2,0;0,0;0,0
Mozzarella;246,0;1029,0;56,9;20,0;4,6;0,0;16,5;10,0;0,0;0,0;50,0;0,0
Muesli, gem.;379,0;1590,0;8,0;10,0;66,5;14,5;6,0;1,9;2,0;1,5;0,0;8,5
Muesli, krokant;478,0;2005,0;4,6;7,4;60,0;23,6;22,2;0,0;0,0;0,0;0,0;4,8
Mueslireep, gem.;499,0;2092,0;0,4;7,5;57,8;35,3;24,7;10,6;9,8;2,2;7,0;8,6
Muffin, gem.;327,0;1372,0;31,4;8,0;48,0;0,0;11,3;1,0;0,0;0,0;0,0;0,3
Muscatel, 15 % v/v;139,0;581,0;75,0;0,0;12,0;12,0;0,0;0,0;0,0;0,0;0,0;0,0
Nasi goreng, gemiddeld;160,0;672,0;63,7;4,5;26,0;0,0;4,0;1,5;2,0;2,0;5,0;0,8
Nasibal, bereid;317,0;1329,0;41,0;6,5;32,5;0,0;18,0;6,0;11,5;1,0;22,0;0,0
Nasivlees, varken;129,0;543,0;72,7;21,5;0,0;0,0;4,8;1,8;2,4;0,0;66,0;0,0
Nectarines;36,0;154,0;89,2;1,0;7,5;7,0;0,0;0,0;0,0;0,0;0,0;1,3
Nier, rund;86,0;363,0;80,0;17,0;0,0;0,0;2,0;0,6;0,5;0,5;260,0;0,0
Nier, varken;116,0;486,0;76,5;16,5;0,8;0,0;5,2;1,7;3,2;0,2;370,0;0,0
Noedels, Japanse, soba;368,0;1541,0;9,5;14,5;74,0;0,0;1,0;0,0;0,0;0,0;0,0;0,0
Noedels, rijst;361,0;1513,0;9,9;5,0;82,0;0,0;0,6;0,1;0,2;0,1;0,0;1,5
Noga, nougat;447,0;1870,0;1,2;6,5;76,5;74,6;12,8;1,4;6,1;3,8;0,0;2,0
Nootmuskaat;545,0;2283,0;7,0;5,5;44,0;0,0;38,0;30,4;3,0;1,0;0,0;4,5
Oesters;70,0;294,0;83,8;10,0;3,4;0,0;1,8;1,0;0,7;0,1;80,0;0,0
Oesterzwam;29,0;121,0;89,8;3,0;1,0;0,5;0,4;0,1;0,0;0,1;0,0;4,8
Okra;42,0;180,0;83,8;2,2;8,0;2,5;0,2;0,0;0,0;0,0;0,0;4,8
Okra, bereid;34,0;144,0;90,3;1,5;6,2;1,5;0,2;0,0;0,0;0,0;0,0;0,8
Oliebol;266,0;1116,0;41,2;6,5;42,0;15,4;7,5;2,0;1,4;3,2;20,0;1,8
Olijfolie;883,0;3696,0;0,0;0,0;0,2;0,0;99,8;14,5;75,5;9,5;0,0;0,0
Olijven;136,0;571,0;79,4;1,4;0,2;0,0;13,8;2,5;7,8;0,8;0,0;4,2
Ontbijtkoek;308,0;1293,0;23,4;3,3;67,7;36,1;1,7;0,5;0,6;0,5;1,0;2,9
Ontbijtspek, gegrild;262,0;1097,0;60,7;15,8;0,2;0,0;22,3;7,9;10,9;2,5;36,0;0,0
Ontbijtspek, vers;399,0;1671,0;45,0;15,2;0,4;0,0;37,9;13,5;20,7;4,1;36,0;0,5
Oregano, gedroogd;371,0;1556,0;11,2;11,4;50,0;0,0;10,4;2,0;0,7;3,4;0,0;16,0
Ossenhaas;126,0;528,0;72,1;21,5;0,0;0,0;4,4;1,0;2,0;0,0;60,0;0,0
Ossenstaart;183,0;767,0;66,4;20,1;0,0;0,0;11,5;0,0;0,0;0,0;50,0;0,0
Ossenworst;170,0;711,0;68,2;18,2;1,4;0,5;10,1;4,5;4,4;0,6;65,0;1,1
Paardenvlees, gem.;108,0;454,0;74,6;22,4;0,0;0,0;2,0;0,5;0,5;0,5;60,0;0,0
Paksoi, vers;9,0;38,0;96,2;1,0;0,8;0,0;0,0;0,0;0,0;0,0;0,0;1,0
Paling, gerookt;244,0;1024,0;61,7;17,8;0,0;0,0;19,5;5,7;10,2;3,6;160,0;0,0
Paling, onbereid;200,0;838,0;68,5;14,5;0,0;0,0;16,0;4,3;7,7;3,1;155,0;0,0
Palingworst;438,0;1838,0;39,7;13,6;4,2;0,5;41,5;16,0;20,0;4,5;60,0;0,0
Palmolie;874,0;3659,0;0,0;0,0;0,0;0,0;98,9;48,5;38,5;11,0;0,0;0,0
Paneermeel;383,0;1605,0;6,0;13,0;73,0;6,0;3,0;1,5;1,0;0,5;0,0;4,0
Pannenkoek;210,0;883,0;54,4;7,6;30,0;6,5;6,5;3,0;1,6;1,8;30,0;0,5
Papaja;45,0;191,0;87,2;0,6;9,9;7,5;0,1;0,0;0,0;0,0;0,0;1,2
Paprika, gemiddeld;26,0;109,0;91,5;1,0;4,5;3,5;0,0;0,0;0,0;0,0;0,0;2,0
Paprikapoeder;353,0;1479,0;16,3;15,0;35,0;0,0;12,7;2,5;8,0;1,0;0,0;20,0
Paranoten;679,0;2847,0;6,8;14,0;4,5;2,3;67,0;15,0;35,0;16,0;0,0;6,7
Parmezaanse kaas;422,0;1768,0;28,5;40,0;2,0;1,8;28,5;18,0;9,5;1,0;81,0;0,0
Passievrucht;120,0;504,0;66,2;2,3;22,3;12,0;0,7;0,0;0,0;0,0;0,0;7,5
Passievruchtensap;47,0;200,0;87,5;0,8;10,0;10,0;0,4;0,0;0,0;0,0;0,0;0,3
Pasta, bereid, gem.;99,0;417,0;75,2;4,5;17,5;1,5;1,0;0,2;0,2;0,4;0,0;0,8
Pasta, onbereid, gem.;359,0;1506,0;12,1;13,5;67,0;3,7;3,0;0,7;0,3;1,0;0,0;3,4
Pasta, volkoren, onbereid;352,0;1477,0;10,0;12,0;65,0;2,5;2,5;0,0;0,0;2,0;0,0;9,5
Pastinaak;89,0;373,0;75,0;1,5;17,0;0,0;0,5;0,0;0,0;0,0;0,0;5,0
Patates frites, bereid;327,0;1373,0;35,4;4,5;40,0;1,5;16,0;9,5;0,0;6,0;10,0;3,1
Patates frites, oven bereid;249,0;1043,0;45,0;4,8;38,0;0,5;7,8;3,2;2,1;1,8;0,4;3,4
Paté;374,0;1568,0;48,5;11,0;4,0;0,5;35,5;10,6;14,5;4,5;150,0;0,0
Patrijs;210,0;881,0;56,0;35,0;0,5;0,5;7,5;2,0;3,4;1,8;110,0;0,0
Pecannoten;717,0;3006,0;4,5;8,5;9,5;0,0;72,0;9,5;42,5;18,5;0,0;4,5
Pekelvlees;285,0;1197,0;58,0;16,0;0,0;0,0;25,0;11,3;10,6;1,0;0,0;0,0
Peper, zwart/wit;309,0;1294,0;15,6;11,3;50,0;0,0;2,6;1,0;0,4;1,0;0,0;19,5
Peperkoek;308,0;1293,0;23,4;3,3;67,7;36,1;1,7;0,4;0,6;0,6;1,0;2,9
Pepermunt;402,0;1683,0;1,0;0,0;99,0;99,0;0,0;0,0;0,0;0,0;0,0;0,0
Pepperoni;448,0;1876,0;35,7;20,0;3,3;0,1;40,0;15,0;0,0;3,3;0,0;0,0
Peren;54,0;229,0;84,4;0,5;11,0;10,5;0,3;0,0;0,0;0,0;0,0;2,8
Peren op siroop;76,0;322,0;79,1;0,3;17,5;17,0;0,1;0,0;0,0;0,0;0,0;2,0
Perzik;39,0;162,0;87,5;0,8;8,7;8,2;0,1;0,0;0,0;0,0;0,0;0,0
Peterselie, gedroogd;315,0;1320,0;20,5;22,0;42,0;0,0;4,0;0,0;1,5;1,5;0,0;10,5
Peterselie, vers;34,0;143,0;88,4;4,4;1,5;0,0;0,2;0,0;0,0;0,0;0,0;4,5
Peultjes, rauw;47,0;197,0;86,3;2,5;7,5;0,0;0,2;0,0;0,0;0,0;0,0;2,5
Piccalilly;42,0;180,0;88,5;1,0;6,5;3,5;1,0;0,0;0,0;1,0;0,0;2,0
Piccolo;312,0;1308,0;22,8;12,5;58,7;0,9;2,0;0,7;0,6;0,7;28,0;3,0
Pijnboompitten;635,0;2659,0;2,4;27,0;13,5;0,1;52,5;7,5;19,2;21,7;0,0;3,6
Pindakaas, gem.;625,0;2613,0;3,0;26,0;12,0;6,0;52,0;9,2;23,0;17,5;0,0;6,0
Pinda's, gezouten;625,0;2620,0;3,5;25,5;10,0;3,0;53,0;9,0;26,8;17,0;0,0;7,0
Pinda's, ongezouten;623,0;2612,0;2,8;26,0;11,2;3,1;52,0;8,5;26,1;17,0;0,0;7,0
Pistachenoten, geroosterd, gezout;606,0;2541,0;4,1;17,5;8,4;5,5;55,5;7,5;27,5;18,0;0,0;6,0
Pistolet, gem.;299,0;1254,0;27,5;9,5;55,0;0,0;3,5;1,3;1,2;1,0;35,0;3,5
Pitabroodje;267,0;1120,0;32,8;8,8;52,0;2,0;1,5;0,0;0,0;0,0;0,0;3,9
Pizza, bereid, gem.;203,0;852,0;56,1;9,0;25,7;4,0;6,8;3,0;3,0;0,6;20,0;1,4
Platvis, gemiddeld;80,0;335,0;79,5;17,5;0,0;0,0;1,0;0,0;0,0;0,0;55,0;0,0
Poedersuiker;406,0;1700,0;0,0;0,0;100,0;100,0;0,0;0,0;0,0;0,0;0,0;0,0
Poelet, runder bereid;198,0;833,0;60,0;30,0;0,5;0,0;8,5;3,6;3,4;0,9;30,0;0,0
Poelet, runder vers;115,0;483,0;74,0;22,1;0,0;0,0;2,9;1,3;0,0;1,2;55,5;0,0
Poffertjes;294,0;1235,0;43,8;7,0;33,2;6,2;14,9;6,1;3,3;4,2;40,0;0,1
Pompoen (butternut squash);56,0;234,0;84,3;1,0;11,5;2,0;0,2;0,0;0,0;0,0;0,0;2,0
Pompoen, bereid;17,0;73,0;94,4;0,6;2,5;2,0;0,3;0,1;0,1;0,0;0,0;1,2
Pompoen, vers;36,0;153,0;89,7;1,1;7,0;2,4;0,2;0,0;0,0;0,0;0,0;1,0
Pompoenpitten;345,0;1448,0;38,6;24,5;7,0;0,0;23,5;4,0;18,0;1,5;0,0;5,4
Poon, bereid;169,0;709,0;66,0;25,5;0,1;0,0;7,4;2,0;2,6;2,2;90,0;0,0
Popcorn;376,0;1575,0;7,9;12,5;70,0;0,0;3,6;0,5;2,0;1,0;0,0;5,0
Port du salut;310,0;1302,0;53,0;20,0;0,0;0,0;26,0;19,0;5,5;0,5;80,0;0,0
Port, 19 % v/v;150,0;627,0;73,0;0,0;13,0;13,0;0,0;0,0;0,0;0,0;0,0;0,0
Postelein (glas);21,0;88,0;92,5;2,0;2,0;1,8;0,0;0,0;0,0;0,0;0,0;2,5
Postelein, vers;17,0;73,0;93,6;1,2;1,5;1,0;0,2;0,0;0,0;0,0;0,0;2,5
Prei, bereid;27,0;117,0;90,3;1,5;3,8;0,2;0,0;0,0;0,0;0,0;0,0;3,4
Prei, vers;30,0;129,0;90,4;1,8;4,0;3,0;0,3;0,0;0,0;0,0;0,0;2,5
Pretzel;395,0;1654,0;5,7;9,3;80,0;0,0;3,6;0,0;0,0;0,0;0,0;0,4
Provolone;346,0;1452,0;45,1;25,0;2,1;0,6;26,8;17,3;7,5;0,8;70,0;0,0
Pruimen, gedroogd;221,0;927,0;36,0;2,0;45,0;45,0;0,0;0,0;0,0;0,0;0,0;16,0
Pruimen, vers;56,0;235,0;84,5;0,6;12,0;7,6;0,2;0,0;0,0;0,0;0,0;1,7
Pruimensap;58,0;245,0;84,5;0,6;13,5;13,5;0,1;0,0;0,0;0,0;0,0;0,3
Pudding, gemiddeld;135,0;569,0;67,7;3,8;21,3;18,9;3,2;2,2;0,5;0,1;4,0;3,0
Puddingpoeder, instant chocola;356,0;1493,0;13,2;3,2;80,0;0,0;2,0;1,2;0,5;0,1;0,0;0,6
Puddingpoeder, instant gem.;358,0;1500,0;10,4;0,0;88,0;72,5;0,0;0,0;0,0;0,0;0,0;0,6
Quiche, groentetaart;321,0;1344,0;0,0;0,0;0,0;0,0;26,0;0,0;0,0;0,0;110,0;0,0
Quinoa, bereid;121,0;506,0;70,1;4,7;19,8;0,0;2,1;0,3;0,5;1,0;0,0;2,3
Quinoa, rauw;372,0;1556,0;11,4;15,2;60,6;1,5;6,5;1,2;1,5;3,4;0,0;5,3
Quorn, vleesvervanger;141,0;594,0;64,2;14,0;12,7;1,8;2,6;0,6;0,7;1,2;0,0;5,5
Raapstelen;25,0;106,0;91,9;1,5;3,4;2,7;0,2;0,0;0,0;0,0;0,0;2,0
Rabarber;14,0;62,0;94,4;0,5;2,0;1,7;0,1;0,0;0,0;0,0;0,0;2,0
Rabarbermoes, gezoet;87,0;368,0;76,4;0,5;20,0;16,0;0,1;0,0;0,0;0,0;0,0;2,0
Radijs;18,0;76,0;94,1;1,0;2,5;2,0;0,2;0,0;0,0;0,0;0,0;1,2
Rambol;321,0;1345,0;53,4;13,7;3,4;3,4;28,5;13,5;7,6;2,9;70,0;0,0
Rammenas;32,0;136,0;90,6;2,0;5,0;1,5;0,2;0,0;0,0;0,0;0,0;1,2
Ratatouille, bereid;51,0;215,0;88,2;1,4;4,9;4,8;2,5;0,3;1,8;0,4;0,0;2,0
Rauwkost, vers gem.;19,0;82,0;93,1;1,0;2,9;1,8;0,0;0,0;0,0;0,0;0,0;2,0
Ravioli, bereid;101,0;427,0;77,9;4,0;13,5;0,0;3,5;1,4;1,6;0,4;20,0;0,1
Ree, gemiddeld;121,0;509,0;72,8;23,0;0,0;0,0;3,2;2,1;1,0;0,0;70,0;0,0
Rendiermelk;233,0;978,0;64,5;10,8;4,1;0,0;19,6;0,0;0,0;0,0;0,0;0,0
Reuzel;882,0;3693,0;0,2;0,0;0,0;0,0;99,8;48,0;41,0;9,0;60,0;0,0
Ribeye, rund;170,0;711,0;68,2;21,5;0,0;0,0;9,3;4,5;3,9;0,5;55,0;0,0
Ribkarbonade, varken;144,0;604,0;70,0;22,7;1,0;0,0;5,9;2,3;3,1;0,4;66,0;0,0
Riblap, rund;171,0;713,0;68,0;20,8;0,0;0,0;9,7;4,3;4,1;0,5;60,0;0,0
Ricottakaas;171,0;719,0;74,3;9,5;0,2;0,0;15,0;8,5;3,8;0,5;50,0;0,0
Rijst, wit bereid;96,0;403,0;75,3;2,5;20,0;0,0;0,4;0,1;0,1;0,1;0,0;0,8
Rijst, witte;355,0;1489,0;11,5;7,0;78,5;0,2;0,7;0,2;0,2;0,3;0,0;1,3
Rijst, zilvervlies;361,0;1515,0;10,3;7,5;75,0;2,5;2,2;0,4;0,6;1,0;0,0;4,0
Rijst, zilvervlies bereid;137,0;575,0;65,3;3,2;26,0;0,0;1,5;0,4;0,4;0,5;0,0;3,0
Rijstebloem;359,0;1506,0;11,1;7,5;79,5;0,0;0,7;0,1;0,2;0,3;0,0;0,2
Rijstepap;81,0;342,0;82,2;3,5;10,0;5,0;3,0;1,5;0,5;0,1;7,0;0,3
Rijstevlaai;250,0;1049,0;47,7;6,0;34,4;16,6;9,5;4,5;2,6;0,7;48,0;1,4
Rijstpapier;320,0;1339,0;19,3;4,9;71,6;0,3;1,2;0,0;0,0;0,0;0,0;2,1
Rijstwafel;374,0;1568,0;8,5;8,0;74,5;2,5;3,5;0,5;1,4;1,5;0,0;4,5
Rijstwafel, meergranen;380,0;1592,0;6,5;10,0;75,0;1,0;3,0;0,5;0,8;1,5;1,0;4,5
Rivierbaars;81,0;338,0;80,0;18,4;0,0;0,0;0,8;0,0;0,0;0,8;72,0;0,0
Rivierkreeft;68,0;286,0;83,0;16,0;1,0;0,0;0,1;0,0;0,0;0,0;158,0;0,0
Rivierpaling;280,0;1172,0;59,0;15,0;0,0;0,0;24,5;5,6;11,5;1,3;142,0;0,0
Rode bes;38,0;163,0;85,1;1,0;4,8;4,2;0,0;0,0;0,0;0,0;0,0;8,1
Rode biet, bereid;34,0;143,0;89,2;1,4;5,8;5,7;0,0;0,0;0,0;0,0;0,0;2,6
Rode biet, vers;43,0;183,0;86,9;2,0;7,0;6,0;0,2;0,0;0,0;0,0;0,0;2,9
Rode kool, bereid;18,0;78,0;93,2;1,2;2,4;2,2;0,0;0,0;0,0;0,0;0,0;2,2
Rode kool, glas/blik;46,0;194,0;86,5;1,0;9,5;9,5;0,0;0,0;0,0;0,0;0,0;2,0
Rode kool, vers;26,0;112,0;91,3;1,5;3,5;3,0;0,2;0,0;0,0;0,0;0,0;2,5
Rog;85,0;355,0;79,0;20,7;0,0;0,0;0,2;0,0;0,0;0,0;60,0;0,0
Roggemeel;305,0;1278,0;16,8;7,6;56,6;2,8;1,5;0,3;0,2;1,0;0,0;16,5
Roodbaars;105,0;442,0;77,2;18,2;0,0;0,0;3,6;0,7;1,9;0,9;70,0;0,0
Rookkaas;311,0;1306,0;51,0;22,0;1,5;1,0;24,5;14,5;6,5;1,5;95,0;0,0
Rookworst;322,0;1349,0;54,3;14,3;0,9;0,5;29,5;10,1;14,3;3,5;32,0;0,0
Rookworst, mager;245,0;1027,0;60,1;15,0;5,0;2,0;18,5;6,3;7,6;2,1;0,0;0,4
Roomkaas, vers;326,0;1366,0;56,4;8,0;2,5;2,5;32,1;22,1;8,0;0,8;58,0;0,0
Roquefort;359,0;1507,0;48,0;19,0;0,0;0,0;32,0;20,8;7,6;1,1;82,0;0,0
Rosbief, rund;168,0;705,0;64,2;28,3;0,8;0,0;5,7;1,4;2,0;0,0;55,0;0,0
Rösti, bereid, gem.;134,0;563,0;68,2;2,5;21,5;2,0;3,5;1,0;1,0;1,5;0,0;3,3
Rösti, onbereid, gem.;106,0;444,0;75,7;2,0;16,0;1,0;3,8;0,6;0,8;2,2;0,0;2,0
Rozemarijn, gedroogd;380,0;1593,0;13,5;4,5;45,0;0,0;16,0;0,0;0,0;0,0;0,0;20,0
Rozenbotteljam;256,0;1072,0;35,4;0,1;62,5;62,0;0,0;0,0;0,0;0,0;0,0;1,0
Rozenbottels;95,0;395,0;50,5;3,5;19,5;16,0;0,1;0,0;0,0;0,0;0,0;0,0
Rozenbottelsiroop;223,0;935,0;44,0;0,0;55,0;55,0;0,0;0,0;0,0;0,0;0,0;0,0
Rozijnen;291,0;1219,0;24,5;2,5;66,5;64,0;0,1;0,0;0,0;0,0;0,0;5,4
Rozijnenbrood;289,0;1214,0;35,0;6,3;46,0;9,3;8,0;4,3;2,2;0,7;0,0;3,7
Rucola, sla;13,0;58,0;95,0;1,3;1,0;0,8;0,2;0,0;0,0;0,0;0,0;1,5
Rum, 43 % v/v;229,0;957,0;67,0;0,0;0,0;0,0;0,0;0,0;0,0;0,0;0,0;0,0
Runderrollade, mager;154,0;648,0;69,7;21,0;0,8;0,0;7,5;5,1;2,4;0,0;55,0;0,0
Runderrookvlees;152,0;640,0;69,0;22,9;0,6;0,0;6,5;3,4;2,2;1,0;50,0;0,0
Rundvleeslap, doorregen;187,0;786,0;67,0;19,9;0,0;0,0;12,1;5,4;4,5;0,7;51,3;0,0
Rundvleeslap, doorregen bereid;279,0;1169,0;50,8;30,0;0,7;0,0;17,5;7,5;7,0;1,0;60,0;0,0
Saffloerolie;883,0;3700,0;0,0;0,0;0,0;0,0;100,0;8,9;10,1;72,8;0,0;0,0
Saint Paulin, kaas;333,0;1396,0;47,2;25,0;1,0;1,0;25,8;19,0;5,2;0,4;85,0;0,0
Salami;375,0;1554,0;46,5;19,5;0,1;0,0;33,0;13,1;15,8;3,3;32,0;0,0
Salie, gedroogd;315,0;1318,0;8,0;10,6;60,6;1,6;12,7;5,5;2,1;2,0;0,0;7,1
Sambal Oelek;25,0;110,0;93,0;2,0;3,5;3,5;0,5;0,0;0,0;0,4;0,0;0,0
Sambal, gebakken;59,0;248,0;87,0;4,5;2,5;0,5;3,5;1,5;0,8;0,6;0,0;1,5
Sardines, olie, in blik;220,0;922,0;61,9;22,5;0,0;0,0;14,6;3,9;6,5;4,0;70,0;0,0
Sardines, onbereid;115,0;485,0;75,4;19,4;0,0;0,0;4,2;0,3;1,3;2,5;90,0;0,0
Satéballetjes, vegetarisch;251,0;1051,0;50,0;20,0;9,0;1,5;15,0;2,0;5,5;7,5;0,0;3,0
Satésaus;275,0;1153,0;53,5;8,5;18,0;16,5;19,0;2,5;10,0;6,0;0,0;0,0
Saucijzenbroodje;423,0;1772,0;26,0;10,5;35,0;1,5;27,0;12,0;11,5;3,5;50,0;0,5
Saus, wit, roux;87,0;365,0;83,9;2,5;7,0;2,7;5,5;2,4;1,1;1,7;2,5;0,1
Savooiekool;30,0;129,0;89,0;2,5;4,0;3,5;0,5;0,1;0,0;0,2;0,0;3,0
Scampi of Langoustine;86,0;360,0;78,1;17,5;1,3;0,0;1,1;0,0;0,0;0,0;0,0;0,0
Schapekaas, gem.;301,0;1259,0;52,2;15,3;6,5;5,5;24,0;17,0;5,5;1,1;90,0;0,0
Schapenvlees, gem.;217,0;908,0;64,0;17,5;0,0;0,0;16,5;9,0;9,0;0,0;80,0;0,0
Schar, bereid;112,0;470,0;75,1;20,7;0,0;0,0;3,2;1,0;0,5;1,2;60,0;0,0
Schar, onbereid;95,0;400,0;79,0;17,0;0,0;0,0;3,0;0,6;0,8;1,0;75,0;0,0
Schelvis, onbereid;79,0;334,0;79,7;19,0;0,0;0,0;0,3;0,0;0,1;0,1;55,0;0,0
Schelvislever, blik;397,0;1664,0;50,5;6,5;0,0;0,0;42,0;8,0;18,0;15,0;320,0;0,0
Schenkel, kalf;112,0;469,0;74,8;21,3;0,0;0,0;2,9;1,0;0,9;0,1;55,0;0,0
Schenkel, rund;114,0;480,0;73,8;22,6;0,0;0,0;2,6;1,1;1,0;0,1;55,0;0,0
Schnitzel, ongepaneerd;120,0;503,0;73,0;22,9;0,0;0,0;3,1;1,2;1,4;0,4;50,0;0,0
Schnitzel, vegetarisch;188,0;787,0;58,0;16,0;8,5;2,8;10,0;1,1;2,9;6,0;0,0;5,0
Schol, gebakken;179,0;752,0;66,5;21,0;1,5;0,0;10,0;3,0;3,0;3,5;85,0;0,0
Schol, onbereid;94,0;393,0;73,0;19,0;0,0;0,0;2,0;1,0;1,0;0,0;70,0;0,0
Schorseneer;90,0;378,0;73,8;3,3;18,5;18,0;0,2;0,0;0,0;0,0;0,0;3,2
Schouder, lam;206,0;865,0;62,1;25,0;0,0;0,0;11,9;5,4;4,3;0,0;75,0;0,0
Schouderham;136,0;572,0;73,3;17,4;1,5;1,0;6,8;2,3;3,4;1,0;55,0;0,0
Schouderkarbonade;195,0;818,0;66,4;19,4;0,0;0,0;13,2;5,2;6,9;0,0;65,0;0,0
Schuimpjes;259,0;1084,0;34,3;4,2;60,5;60,5;0,0;0,0;0,0;0,0;0,0;0,0
Seitan;106,0;447,0;71,9;22,1;3,8;0,5;0,2;0,0;0,1;0,1;0,0;1,0
Seitan, bereid;135,0;568,0;64,3;24,0;9,0;6,0;0,2;0,0;0,1;0,1;0,0;1,5
Selderij, blad, vers;12,0;51,0;94,2;1,0;2,0;0,0;0,0;0,0;0,0;0,0;0,0;1,8
Selderij, bleek, rauw;17,0;75,0;93,1;0,7;3,5;0,0;0,1;0,0;0,0;0,0;0,0;1,6
Sesamolie;883,0;3700,0;0,0;0,0;0,0;0,0;100,0;16,0;42,0;42,0;0,0;0,0
Sesampasta, tahin;568,0;2381,0;7,0;21,5;6,5;0,0;51,5;7,5;19,5;22,5;0,0;12,5
Sesamzaad;581,0;2436,0;11,1;20,9;6,0;0,0;53,5;8,0;21,2;23,8;0,0;7,5
Sherry, droog 15 % v/v;90,0;278,0;83,5;0,2;1,4;1,4;0,0;0,0;0,0;0,0;0,0;0,0
Sherry, medium 15 % v/v;110,0;460,0;83,0;0,0;3,0;3,0;0,0;0,0;0,0;0,0;0,0;0,0
Sherry, zoet, 15 % v/v;115,0;483,0;77,5;0,3;7,0;7,0;0,0;0,0;0,0;0,0;0,0;0,0
Shiitake, gedroogd;292,0;1222,0;16,3;13,0;55,0;1,0;2,2;0,5;0,7;0,4;0,0;12,5
Sinaasappels;44,0;186,0;85,2;1,0;9,5;8,3;0,2;0,0;0,0;0,0;0,0;2,1
Sinaasappelsap;45,0;189,0;88,1;0,7;10,0;9,0;0,2;0,0;0,0;0,0;0,0;0,0
Sjalotten;32,0;134,0;89,9;1,8;7,3;0,0;0,2;0,0;0,0;0,0;0,0;2,6
Sla;11,0;47,0;94,2;1,3;1,0;1,0;0,2;0,0;0,0;0,0;0,0;1,3
Slagroom, geklopt suiker;355,0;1487,0;48,0;2,0;18,0;18,0;31,0;17,8;7,5;1,0;82,0;0,0
Slagroom, onbereid;337,0;1413,0;58,2;2,0;2,8;2,8;36,0;20,0;11,0;1,0;110,0;0,0
Slakken, Wijngaard;82,0;343,0;79,0;16,0;2,0;2,0;1,0;0,3;0,3;0,1;0,0;0,0
Slaolie;879,0;3681,0;0,0;0,0;0,0;0,0;99,5;15,9;22,9;56,9;0,0;0,0
Slasaus, 25 % olie;269,0;1130,0;62,5;1,0;10,0;1,5;25,5;4,0;6,0;15,0;30,0;0,0
Slasaus, 40 % olie;382,0;1600,0;51,9;1,1;6,0;1,0;40,0;10,5;12,5;15,0;1,0;0,0
Slavink;279,0;1169,0;58,3;16,8;0,0;0,0;23,9;9,6;9,8;3,0;60,0;0,0
Smeerkaas, 20 +;176,0;741,0;66,0;17,0;7,0;7,0;9,0;5,2;3,0;0,1;35,0;0,0
Smeerkaas, 48 +;267,0;1118,0;58,5;17,0;2,0;2,0;21,5;13,0;6,0;1,0;70,0;0,0
Smeerleverworst;306,0;1285,0;56,8;12,2;1,6;0,5;28,4;9,2;15,8;1,5;175,0;0,0
Snijbiet;23,0;98,0;90,5;1,8;3,5;3,0;0,2;0,0;0,0;0,0;0,0;2,0
Snijbonen;18,0;75,0;89,8;2,0;2,0;0,0;0,2;0,0;0,0;0,0;0,0;4,0
Snijbonen, bereid;21,0;91,0;90,2;1,8;3,6;0,0;0,0;0,0;0,0;0,0;0,0;3,4
Snoep, gem.;398,0;1668,0;15,0;3,5;68,5;65,0;12,0;0,0;0,0;0,0;0,0;0,0
Soep, bruine bonen;61,0;258,0;84,2;3,2;6,8;0,8;2,4;1,1;0,9;0,2;16,0;2,4
Soep, champignon;66,0;278,0;87,7;1,7;4,9;0,0;4,5;1,4;1,0;1,8;5,0;0,2
Soep, erwten;48,0;203,0;86,8;2,5;6,0;0,5;1,6;0,7;0,5;0,1;15,0;2,1
Soep, gebonden groenten;41,0;175,0;91,6;1,0;3,0;0,8;2,9;1,5;0,4;0,4;0,1;0,5
Soep, goulash;51,0;216,0;89,8;1,2;5,0;0,3;3,0;1,3;1,3;0,2;3,0;0,0
Soep, heldere groenten;16,0;70,0;95,2;0,8;1,8;0,0;0,7;0,3;0,3;0,1;0,1;0,5
Soep, heldere kippen;26,0;112,0;93,1;2,4;2,5;0,5;0,8;0,3;0,3;0,1;10,0;0,2
Soep, minestrone;46,0;196,0;89,1;3,2;4,0;0,5;2,0;0,7;0,5;0,3;8,0;0,7
Soep, ossenstaart;30,0;127,0;92,3;1,5;4,5;0,1;0,7;0,3;0,2;0,1;10,0;0,0
Soep, uien;39,0;167,0;91,6;1,7;3,6;0,0;2,1;0,9;0,7;0,5;13,0;0,0
Soep, vis gem.;32,0;136,0;92,5;2,0;3,0;0,5;1,4;0,7;0,6;0,1;0,0;0,1
Soepballetjes, bereid;195,0;818,0;61,5;17,0;5,0;0,5;12,0;5,0;4,5;2,1;50,0;3,5
Sojabonen, gedroogd;428,0;1796,0;9,5;37,0;29,5;6,5;18,0;3,0;4,0;11,0;0,0;5,0
Sojadrink;34,0;143,0;92,5;3,6;0,5;0,4;2,0;0,3;0,5;1,1;0,0;0,4
Sojameel, vet;427,0;1787,0;5,0;37,5;23,0;10,0;20,5;3,5;4,0;13,0;0,0;12,0
Sojamelk;38,0;163,0;91,6;3,8;1,0;1,0;2,2;0,3;0,5;1,3;0,0;0,4
Sojaolie;882,0;3696,0;0,0;0,0;0,0;0,0;99,9;15,0;23,0;61,5;0,0;0,0
Sojasaus, manis, zoet;231,0;970,0;41,9;3,1;54,0;52,5;0,0;0,0;0,0;0,0;0,0;0,0
Sojasaus, zout;128,0;539,0;67,4;11,5;20,0;20,0;0,1;0,0;0,0;0,0;0,0;0,0
Sojayoghurt;91,0;383,0;79,2;4,7;12,0;11,0;2,7;0,5;0,6;1,6;0,0;0,4
Spaanse peper, rood, vers;29,0;121,0;90,2;1,4;5,1;4,2;0,3;0,0;0,0;0,2;0,0;2,0
Spaghetti/macaroni (bereid);117,0;492,0;76,5;4,2;11,9;3,0;5,9;0,8;2,2;2,6;80,0;0,5
Speculaas;501,0;2099,0;0,0;5,6;70,0;35,0;22,0;11,0;7,5;2,0;25,0;1,5
Speculaas, gevuld;460,0;1926,0;13,5;7,5;50,0;30,0;25,0;7,5;10,0;7,5;30,0;3,0
Spek, katen, gerookt;315,0;1318,0;56,0;13,5;1,0;0,0;28,5;10,8;12,6;3,2;0,0;0,0
Spek, rug, varken;679,0;2841,0;20,8;5,2;0,0;0,0;73,0;28,2;32,5;7,5;60,0;0,0
Spek, varken;882,0;3691,0;0,1;0,2;0,0;0,0;99,7;37,1;41,1;11,3;90,0;0,0
Spekkies;329,0;1380,0;17,8;6,2;75,0;74,0;0,0;0,0;0,0;0,0;0,0;0,0
Speklap zonder zwoerd, vers;329,0;1360,0;53,2;16,7;0,0;0,0;29,1;10,5;16,5;1,0;50,0;0,0
Spelt;356,0;1490,0;79,0;12,2;65,8;0,0;2,6;0,4;0,5;1,0;0,0;10,5
Speltmeel;372,0;1556,0;5,3;13,3;69,6;0,5;2,8;0,2;0,4;1,2;0,0;8,0
Sperziebonen, bereid;24,0;103,0;89,5;2,5;3,6;2,5;0,0;0,0;0,0;0,0;0,0;3,4
Sperziebonen, vers;36,0;152,0;85,9;2,4;6,0;2,4;0,3;0,0;0,0;0,0;0,0;3,5
Spinazie (glas/blik);16,0;71,0;92,1;3,6;0,6;0,2;0,0;0,0;0,0;0,0;0,0;2,7
Spinazie, vers;15,0;63,0;93,6;2,5;0,6;0,4;0,3;0,0;0,0;0,0;0,0;2,0
Spitskool;33,0;141,0;89,2;3,0;4,0;4,0;0,6;0,0;0,0;0,0;0,0;2,2
Sprot, filet;222,0;932,0;63,0;20,0;0,0;0,0;16,0;5,5;7,5;3,0;70,0;0,0
Spruitjes;37,0;155,0;85,5;3,8;4,2;4,0;0,5;0,0;0,0;0,0;0,0;4,0
Spruitjes, bereid;25,0;108,0;87,8;3,0;3,4;3,1;0,0;0,0;0,0;0,0;0,0;4,8
Sterkers;8,0;34,0;92,8;2,0;0,0;0,0;0,0;0,0;0,0;0,0;0,0;3,2
Stiltonkaas;413,0;1731,0;39,5;23,5;0,0;0,0;36,0;23,0;11,4;1,4;110,0;0,0
Stokbrood, wit;283,0;1184,0;24,0;8,4;58,0;2,0;1,9;0,6;0,4;0,9;32,0;3,5
Stokvis, droog;342,0;1434,0;17,0;80,0;0,0;0,0;2,0;0,4;0,2;0,8;0,0;0,0
Stokvis, geweekt;138,0;581,0;66,0;32,0;0,0;0,0;1,0;0,2;0,1;0,4;0,0;0,0
Stroop, gem.;292,0;1224,0;26,0;0,0;72,0;72,0;0,0;0,0;0,0;0,0;0,0;0,0
Stroopwafel;428,0;1792,0;12,5;4,5;65,0;37,0;16,5;6,5;5,5;3,5;55,0;0,5
Struisvogelfilet;104,0;438,0;75,0;21,5;1,0;0,5;1,5;0,5;0,5;0,4;65,0;0,0
Studentenhaver;490,0;2052,0;11,0;8,5;36,0;35,0;35,0;5,5;16,5;11,0;0,0;7,5
Suiker, rietsuiker;390,0;1632,0;4,0;0,0;96,0;96,0;0,0;0,0;0,0;0,0;0,0;0,0
Suiker, wit;402,0;1683,0;1,0;0,0;99,0;99,0;0,0;0,0;0,0;0,0;0,0;0,0
Suikerbrood;310,0;1298,0;25,0;7,0;54,4;17,3;7,2;4,0;1,9;0,5;41,0;2,4
Sukade;307,0;1284,0;19,7;0,5;75,0;72,0;0,0;0,0;0,0;0,0;0,0;2,8
Sukadelap;130,0;544,0;73,0;20,9;0,0;0,0;5,1;2,3;2,1;0,0;62,0;0,0
Surimi;105,0;443,0;74,1;15,5;8,4;1,5;1,0;0,4;0,2;0,4;30,0;0,0
Taart, diversen gem.;384,0;1608,0;30,1;4,0;41,0;20,0;22,5;11,5;8,2;1,4;90,0;1,4
Taart, kwark gem.;241,0;1012,0;54,5;5,0;26,0;23,5;13,0;9,0;3,9;0,1;72,0;0,5
Taart, slagroom gem.;321,0;1345,0;43,4;5,0;30,0;24,5;20,2;12,5;4,2;1,3;90,0;0,4
Taart, vruchten gem.;251,0;1052,0;51,2;3,5;30,7;25,6;12,5;6,0;4,0;1,0;72,0;1,1
Tacoschelpen, gedroogd;506,0;2122,0;2,5;7,5;62,0;1,0;25,0;9,5;9,2;2,8;0,0;2,0
Tahoe/tofu;121,0;510,0;74,0;12,0;1,5;0,5;6,5;1,0;1,6;3,5;0,0;5,0
Tapiocameel;349,0;1462,0;13,2;0,6;85,0;3,5;0,2;0,0;0,0;0,0;0,0;0,0
Tarbot;84,0;355,0;80,2;17,0;0,0;0,0;1,8;0,5;0,5;0,4;70,0;0,0
Tartaar, rund;127,0;533,0;72,8;21,8;0,0;0,0;4,4;1,9;1,8;0,0;50,0;0,0
Tarwe, bloem;346,0;1450,0;13,5;11,4;69,8;1,5;1,5;0,2;0,1;0,6;0,0;2,8
Tarwe, hele korrel;329,0;1381,0;14,5;12,4;59,5;1,0;2,0;0,2;0,2;0,7;0,0;10,6
Tarwekiemen;391,0;1639,0;9,5;27,0;45,0;0,0;9,5;1,7;1,5;5,4;0,0;8,0
Tarwekiemolie;879,0;3681,0;0,0;0,0;0,0;0,0;99,5;17,0;18,9;60,0;0,0;0,0
Tarwemeel, volkoren;332,0;1394,0;12,9;11,4;62,2;1,5;1,5;0,2;1,2;0,2;0,0;11,0
Taugé, vers;75,0;316,0;81,5;7,0;4,5;0,0;2,5;0,8;0,1;0,4;0,0;3,5
Teffzaad;358,0;1498,0;11,4;9,6;73,0;0,2;2,0;0,0;0,0;0,0;0,0;3,0
Tempeh;151,0;636,0;69,2;12,0;5,5;0,3;8,3;1,5;4,3;1,7;0,0;4,0
Teriyakisaus;90,0;379,0;76,7;6,1;16,2;0,0;0,0;0,0;0,0;0,0;0,0;0,0
Thee met suiker;10,0;45,0;96,3;0,0;2,7;2,7;0,0;0,0;0,0;0,0;0,0;0,0
Thee, groene;0,0;0,0;100,0;0,0;0,0;0,0;0,0;0,0;0,0;0,0;0,0;0,0
Thee, zwart, onbereid;353,0;1478,0;16,0;22,5;59,0;0,0;2,5;0,0;0,0;0,0;0,0;0,0
Thee, zwarte, bereid;0,0;0,0;100,0;0,0;0,0;0,0;0,0;0,0;0,0;0,0;0,0;0,0
Theeworst;373,0;1542,0;51,4;12,6;0,2;0,2;35,8;14,1;19,3;6,0;50,0;0,0
Tilapia;114,0;481,0;76,3;17,9;0,0;0,0;4,8;2,5;1,5;0,6;160,0;0,0
Toffee, gem.;464,0;1944,0;7,2;3,1;69,5;57,5;19,2;9,0;7,6;2,0;15,0;0,0
Tofuballetjes, vegetarisch;198,0;829,0;57,1;19,3;12,4;1,0;7,2;0,8;2,1;4,3;0,0;3,0
Tomaat, rauw;19,0;81,0;93,9;1,0;2,9;2,9;0,2;0,0;0,0;0,0;0,0;1,0
Tomatenketchup;119,0;500,0;69,4;0,5;28,5;20,0;0,1;0,0;0,0;0,0;0,0;0,5
Tomatenpuree, geconc. 30 %;76,0;320,0;78,6;3,5;14,0;10,0;0,0;0,0;0,0;0,0;0,0;2,9
Tomatensap;18,0;78,0;94,0;0,8;3,1;1,4;0,1;0,0;0,0;0,0;0,0;1,0
Tomatensaus;51,0;216,0;88,2;1,4;6,9;9,2;1,9;0,6;1,1;0,1;0,0;0,6
Tompouce, gebak;324,0;1357,0;39,5;4,5;36,4;19,8;17,7;11,6;3,8;1,0;20,0;0,9
Tong, kalf;167,0;702,0;70,5;17,6;0,0;0,0;10,9;4,6;1,0;0,4;100,0;0,0
Tong, platvis bereid;119,0;500,0;72,5;24,0;0,0;0,0;2,5;1,0;1,0;0,4;90,0;0,0
Tong, platvis onbereid;79,0;332,0;81,9;15,0;0,0;0,0;2,1;0,5;0,5;0,7;92,0;0,0
Tong, rund;188,0;782,0;68,5;17,3;0,0;0,0;13,2;5,6;6,5;1,0;110,0;0,0
Tongenworst;261,0;1082,0;59,2;16,6;2,0;0,5;20,7;7,2;11,3;1,0;38,0;0,0
Tonic;38,0;161,0;89,5;0,0;9,5;9,5;0,0;0,0;0,0;0,0;0,0;0,0
Tonijn, naturel, blik;114,0;480,0;72,0;25,9;0,0;0,0;1,1;0,4;0,2;0,4;57,0;0,0
Tonijn, olie, blik;190,0;797,0;64,2;24,5;0,0;0,0;10,3;1,7;2,2;5,6;56,0;0,0
Tonijn, onbereid;96,0;402,0;76,5;21,5;0,0;0,0;1,0;0,3;0,2;0,4;60,0;0,0
Tortilla chips;509,0;2133,0;0,7;7,1;66,5;1,5;23,6;10,1;9,0;2,6;0,0;1,1
Tosti ham/kaas;292,0;1222,0;44,4;12,5;25,5;3,5;15,2;7,2;4,0;2,8;40,0;1,4
Tosti kaas;318,0;1331,0;40,6;10,0;29,5;4,5;17,4;7,0;5,8;3,5;25,0;1,5
Trassi, garnalen;200,0;839,0;55,5;35,0;3,5;2,0;5,0;1,5;0,9;1,7;210,0;0,0
Truffels;34,0;145,0;90,0;5,5;1,0;0,0;0,5;0,0;0,0;0,0;0,0;2,0
Tuinbonen, bereid;42,0;177,0;86,0;4,5;3,7;0,0;0,0;0,0;0,0;0,0;0,0;4,8
Tuinbonen, rauw;39,0;163,0;82,7;5,3;4,5;0,0;0,0;0,0;0,0;0,0;0,0;6,5
Tuinkers;16,0;70,0;93,3;2,0;0,4;0,0;0,1;0,0;0,0;0,0;0,0;3,2
Turks Fruit;342,0;1431,0;12,5;0,1;85,5;69,0;0,0;0,0;0,0;0,0;0,0;0,9
Tuttifrutti;259,0;1086,0;29,0;2,0;56,5;49,6;0,0;0,0;0,0;0,0;0,0;11,5
Ui, gebakken;57,0;239,0;88,5;1,0;5,0;4,5;3,5;1,5;0,9;0,8;6,0;1,0
Ui, gedroogd;274,0;1148,0;21,0;10,5;44,5;44,5;1,0;1,0;0,0;0,0;0,0;22,0
Ui, gefrituurd;628,0;2631,0;0,0;6,0;44,5;44,5;46,5;7,0;0,5;27,6;0,0;6,5
Ui, rauw;36,0;151,0;89,0;1,2;6,1;6,1;0,2;0,1;0,0;0,1;0,0;2,5
Vanillevla;100,0;420,0;76,8;3,2;15,0;12,0;3,0;2,0;1,0;0,0;10,0;0,0
Varkensbuik, onbereid;384,0;1607,0;46,4;15,0;0,1;0,1;36,5;0,0;0,0;0,0;0,0;0,0
Varkenshaas;119,0;502,0;73,1;22,8;0,0;0,0;3,1;1,2;1,6;0,0;52,0;0,0
Varkenskarbonade, onbereid;196,0;824,0;66,4;19,0;0,1;0,1;13,5;5,6;5,5;2,4;40,0;0,0
Varkenskrabbetjes, onbereid;280,0;1175,0;58,1;16,8;0,1;0,1;24,0;8,4;10,3;3,0;40,0;0,0
Varkenslever, bereid;198,0;830,0;59,0;28,5;4,0;0,0;7,5;2,8;2,0;0,6;300,0;0,0
Varkenslever, gekookt;137,0;575,0;70,9;21,2;2,0;0,0;4,9;1,5;0,6;2,0;300,0;0,0
Varkensniertjes, onbereid;113,0;474,0;77,2;16,5;0,1;0,1;5,2;1,6;1,3;0,8;400,0;0,0
Varkensoester;116,0;488,0;73,1;23,5;0,0;0,0;2,4;0,9;0,9;0,3;55,0;0,0
Varkenssaté met pindasaus;215,0;904,0;61,2;13,5;10,5;0,0;13,3;3,5;5,3;4,1;44,0;0,5
Varkensschouder, onbereid;217,0;909,0;63,4;20,4;0,0;0,0;15,2;6,0;5,8;2,1;65,0;0,0
Varkensvlees, spier, algemeen;111,0;468,0;75,0;21,0;0,0;0,0;3,0;1,1;1,1;0,5;40,0;0,0
Varkenswangen, onbereid;533,0;2235,0;33,2;10,0;0,1;0,0;55,8;0,0;0,0;0,0;0,0;0,0
Vegetarische pizza, gemiddeld;171,0;719,0;59,5;7,5;26,0;4,0;3,5;1,2;1,0;0,9;0,0;2,5
Veldsla;20,0;85,0;94,0;2,0;3,0;0,0;0,0;0,0;0,0;0,0;0,0;0,0
Venkel, knol;40,0;171,0;90,0;2,0;7,0;0,0;0,0;0,0;0,0;0,0;0,0;2,3
Vermicelli, gemiddeld, onbereid;361,0;1514,0;10,8;10,0;75,0;5,5;1,5;0,0;0,0;1,5;0,0;1,7
Vermouth, 12 % v/v;150,0;630,0;71,0;0,0;16,5;16,5;0,0;0,0;0,0;0,0;0,0;0,0
Vieux, 35 % v/v;248,0;1040,0;63,5;0,0;1,5;1,5;0,0;0,0;0,0;0,0;0,0;0,0
Vijgen, gedroogd;270,0;1133,0;26,7;3,5;54,0;54,0;1,3;0,0;0,0;0,0;0,0;13,5
Vijgen, vers;64,0;269,0;82,3;1,4;13,0;13,0;0,2;0,0;0,0;0,0;0,0;2,1
Vissticks, bereid;247,0;1038,0;51,7;15,1;18,3;1,4;12,4;2,9;5,1;3,6;58,0;1,5
Vissticks, gemiddeld;159,0;669,0;67,0;12,5;12,5;1,5;6,5;1,5;2,4;2,4;100,0;0,5
Vlaflip;86,0;360,0;80,0;4,0;13,0;10,2;2,0;1,3;0,1;0,5;5,0;0,0
Vleesvervanger, basis melkeiwit;134,0;565,0;69,5;15,5;5,0;1,8;5,0;1,3;0,9;2,8;0,0;4,0
Vleesvervanger, gepaneerd gem;212,0;890,0;58,0;12,8;12,6;2,5;11,5;1,6;2,6;6,5;0,0;4,1
Vleesvervanger, rauw gem.;169,0;710,0;63,8;18,4;6,1;0,8;7,2;1,4;1,7;2,7;0,0;3,5
Vruchtenhagel;398,0;1669,0;0,8;0,0;98,2;98,2;0,0;0,0;0,0;0,0;0,0;0,0
Vruchtenvlaai, diversen gem.;270,0;1134,0;41,1;3,5;43,0;24,2;8,7;4,0;3,2;0,5;32,0;2,7
Wafel, Belgische gem.;459,0;1924,0;13,4;6,0;56,0;0,0;23,5;9,0;11,5;2,8;10,0;0,1
Walnoten;675,0;2827,0;2,0;14,4;12,1;12,0;62,5;5,0;14,0;44,0;0,0;8,0
Walnotenolie;879,0;3682,0;0,0;0,0;0,0;0,0;99,5;8,6;15,7;70,9;0,0;0,0
Water in flessen gem.;0,0;0,0;100,0;0,0;0,0;0,0;0,0;0,0;0,0;0,0;0,0;0,0
Waterkers;20,0;84,0;93,6;1,6;2,0;2,0;0,3;0,0;0,0;0,0;0,0;1,5
Watermeloen;37,0;159,0;89,3;0,6;7,8;7,5;0,2;0,0;0,0;0,0;0,0;1,1
Whiskey, 40 % v/v;277,0;1160,0;60,0;0,0;0,0;0,0;0,0;0,0;0,0;0,0;0,0;0,0
Wijn, rood 13 % v/v;86,0;360,0;86,4;0,2;3,0;3,0;0,0;0,0;0,0;0,0;0,0;0,0
Wijn, rosé 11 %;63,0;264,0;87,0;0,1;2,5;2,5;0,0;0,0;0,0;0,0;0,0;0,0
Wijn, sekt 12-14 % v/v;64,0;268,0;98,3;0,2;0,5;0,5;0,0;0,0;0,0;0,0;0,0;0,0
Wijn, wit 11,5 % v/v;80,0;336,0;98,3;0,2;0,5;0,5;0,0;0,0;0,0;0,0;0,0;0,0
Wijn, wit, zoet, 11 % v/v;89,0;370,0;92,3;0,2;6,5;6,5;0,0;0,0;0,0;0,0;0,0;0,0
Wijting;85,0;358,0;79,3;18,5;0,0;0,0;1,2;0,0;0,0;1,0;60,0;0,0
Winegums;233,0;976,0;41,8;1,5;55,5;55,5;0,2;0,0;0,0;0,0;0,0;0,0
Witlof, bereid;14,0;61,0;94,8;1,2;1,9;1,7;0,0;0,0;0,0;0,0;0,0;1,1
Witlofsla, vers;13,0;58,0;95,1;1,3;1,1;0,0;0,2;0,0;0,0;0,0;0,0;1,3
Witte bonen, bereid;114,0;480,0;65,9;7,5;14,5;0,0;0,6;0,1;0,1;0,3;0,0;10,5
Witte kool, vers;27,0;117,0;91,0;1,5;3,8;3,6;0,2;0,0;0,0;0,0;0,0;2,5
Worcestersaus;67,0;284,0;85,1;2,0;9,5;3,0;2,4;0,6;0,2;0,1;0,0;0,0
Worstenbroodje, gemiddeld;383,0;1607,0;31,0;12,0;32,0;2,0;23,0;9,0;10,5;2,5;43,0;1,0
Wortelen, bereid;27,0;116,0;90,6;0,8;4,7;4,4;0,0;0,0;0,0;0,0;0,0;2,9
Wortelen, vers, waspeen;33,0;140,0;89,2;1,0;5,2;4,9;0,2;0,0;0,0;0,0;0,0;3,4
Wortelpeterselie;24,0;100,0;90,6;2,0;2,7;0,8;0,6;0,1;0,1;0,3;0,0;3,1
Wortelsap;30,0;127,0;91,5;0,0;7,5;7,0;0,0;0,0;0,0;0,0;0,0;0,0
Yam, gekookt;115,0;481,0;66,3;1,5;27,5;0,5;0,1;0,0;0,0;0,1;0,0;4,0
Yam, rauw;107,0;450,0;71,0;2,0;22,5;0,5;0,2;0,0;0,0;0,0;0,0;3,3
Yoghurt, Bulgaarse mager;59,0;246,0;84,7;4,8;7,5;7,0;1,0;0,1;0,0;0,0;2,0;0,0
Yoghurt, Bulgaarse vol;88,0;372,0;82,4;4,9;7,2;7,0;4,5;2,0;1,2;0,1;15,0;0,0
Yoghurt, Griekse, mager;56,0;234,0;84,9;10,2;3,5;3,3;0,4;0,1;0,1;0,0;5,0;0,0
yoghurt, Griekse, vol;119,0;498,0;81,2;4,8;3,5;3,3;9,5;5,6;2,2;0,3;25,0;0,0
Yoghurt, halfvol;49,0;207,0;88,7;3,5;5,2;4,7;1,6;1,0;0,5;0,0;5,2;0,0
Yoghurt, mager;33,0;138,0;90,0;3,4;4,5;4,0;0,1;0,1;0,0;0,0;5,5;0,0
Yoghurt, vanille, halfvol;80,0;335,0;80,9;3,2;13,5;12,7;1,4;0,8;0,4;0,0;4,0;0,0
Yoghurt, vol;65,0;271,0;86,2;3,8;4,5;4,0;3,5;2,0;1,0;0,0;12,0;0,0
Yoghurt, vruchten, vol;96,0;406,0;77,9;3,9;14,5;14,0;2,5;1,5;0,1;0,3;10,0;0,2
Yoghurtdrank;69,0;292,0;81,9;3,0;14,0;13,0;0,1;0,0;0,0;0,0;0,4;0,0
Yoghurtdrank, vruchten;37,0;155,0;89,5;4,0;4,0;4,0;0,5;0,0;0,0;0,0;1,5;0,0
Yoghurtijs;148,0;619,0;69,0;3,5;20,5;19,5;5,7;4,5;0,9;0,1;3,1;0,3
Zalm, blik;164,0;688,0;67,7;23,5;0,0;0,0;7,8;1,7;3,2;2,2;55,0;0,0
Zalm, gem.;200,0;839,0;65,5;20,0;0,0;0,0;13,5;3,0;5,0;5,0;48,0;0,0
Zalm, gerookt;200,0;839,0;62,8;25,0;0,0;0,0;11,2;2,6;5,5;2,1;45,0;0,0
Zalm, onbereid;220,0;924,0;63,1;20,2;0,0;0,0;15,7;3,3;7,8;3,4;45,0;0,0
Zalmforel, bereid;162,0;681,0;68,3;22,7;0,0;0,0;8,0;1,3;5,4;0,6;83,0;0,0
Zandkoekje;518,0;2171,0;3,7;5,4;58,0;26,0;28,9;11,0;10,2;5,8;50,0;3,0
Zeebaars;120,0;503,0;72,7;23,5;0,0;0,0;2,8;1,0;1,0;0,5;50,0;0,0
Zeeduivel;74,0;311,0;81,5;15,0;0,0;0,0;1,5;0,0;0,0;0,0;25,0;0,0
Zeekraal, vers, rauw;45,0;188,0;87,0;3,1;9,1;0,6;0,7;0,1;0,1;0,2;0,0;0,5
Zeewier, gemid. gedroogd;280,0;1174,0;12,0;11,5;55,0;0,0;1,2;0,0;0,0;0,0;0,0;0,0
Zeewier, kelp, vers;86,0;362,0;78,3;7,5;10,5;0,0;1,2;0,6;0,2;0,1;0,0;1,5
Zeewolf, bereid;132,0;554,0;70,5;25,0;0,0;0,0;3,5;1,2;1,1;0,9;70,0;0,0
Zelfrijzend bakmeel, gem.;343,0;1440,0;14,3;10,5;71,0;5,0;1,0;0,1;0,0;0,8;0,0;2,2
Zemelen, tarwe;317,0;1330,0;9,0;17,0;25,0;1,5;8,0;1,5;1,5;2,5;0,0;40,0
Zevengranenbrood;266,0;1115,0;34,6;9,7;46,0;2,3;3,4;1,2;1,2;0,9;34,0;5,3
Zilverui, zoetzuur;37,0;156,0;89,0;0,0;8,5;7,0;0,0;0,0;0,0;0,0;0,0;1,5
Zoetstof, gemiddeld;0,0;0,0;0,1;0,0;0,0;0,0;0,0;0,0;0,0;0,0;0,0;0,0
Zoetwaterbaars;87,0;366,0;80,0;15,0;0,0;0,0;3,0;0,0;0,0;0,0;55,0;0,0
Zonnebloemolie;881,0;3692,0;0,0;0,0;0,0;0,0;99,8;11,6;21,5;62,8;0,0;0,0
Zonnebloempitten;629,0;2634,0;4,0;27,0;10,5;0,0;53,0;5,5;12,5;34,0;0,0;4,5
Zout, tafel;0,0;0,0;0,0;0,0;0,0;0,0;0,0;0,0;0,0;0,0;0,0;0,0
Zure room;185,0;773,0;73,7;2,8;3,5;3,5;18,0;12,0;6,0;1,0;59,0;0,0
Zure zult;241,0;1012,0;64,6;11,0;2,0;0,4;21,4;7,7;10,0;2,5;40,0;0,0
Zuring;35,0;147,0;89,7;2,0;6,0;0,0;0,3;0,0;0,0;0,0;0,0;0,0
Zuurkool;17,0;71,0;93,3;2,0;1,0;0,0;0,0;0,0;0,0;0,0;0,0;2,7
Zuurkoolstamppot;146,0;611,0;72,3;4,2;11,8;0,0;8,7;3,2;4,2;0,7;15,0;2,0
Zuurtjes, gem.;385,0;1616,0;5,0;0,1;95,0;95,0;0,0;0,0;0,0;0,0;0,0;0,0
Zwaardvis;119,0;498,0;74,0;19,5;0,0;0,0;4,5;0,0;0,0;0,0;0,0;0,0
Zwarte bessen;47,0;200,0;85,6;1,2;8,5;7,0;0,2;0,0;0,0;0,0;0,0;3,5
Zwarte bonen, bereid;154,0;647,0;57,0;9,0;24,0;0,0;0,5;0,0;0,0;0,0;0,0;8,5
Zwezerik, kalfs;89,0;375,0;78,9;18,4;0,0;0,0;1,7;0,7;0,2;0,3;0,0;0,0
Zwitserse kaas;377,0;1581,0;38,7;28,9;3,6;3,0;27,8;17,8;6,4;0,8;90,0;0,0
